31700,Ambassador,United States,ABQ,35.0402222,-106.6091944,1380559500,South Africa,JNB,-26.14,28.25,1380708900
98672,Delegate,United Arab Emirates,DXB,25.252778,55.364444,,South Africa,JNB,-26.14,28.25,1380667800
98520,Delegate,United Arab Emirates,AUH,24.432972,54.651138,,South Africa,JNB,-26.14,28.25,1380650100
78052,Delegate,South Africa,BFN,-29.092722,26.302444,,South Africa,JNB,-26.14,28.25,1380709200
83200,Delegate,United States,JAX,30.494056,-81.687861,1380589200,South Africa,JNB,-26.14,28.25,1380708900
91752,Delegate,United Kingdom,LHR,51.4775,-0.461389,,South Africa,JNB,-26.14,28.25,1380624300
99507,Delegate,United Arab Emirates,DXB,25.252778,55.364444,,South Africa,JNB,-26.14,28.25,1380667800
124836,Delegate,Ethiopia,ADD,8.977889,38.799319,,South Africa,JNB,-26.14,28.25,1380381600
98970,Delegate,United Kingdom,LHR,51.4775,-0.461389,,South Africa,JNB,-26.14,28.25,1380711900
97034,Delegate,Singapore,SIN,1.350189,103.994433,,South Africa,JNB,-26.14,28.25,1380615000
20856,Delegate,India,BLR,12.949986,77.668206,1380684300,South Africa,JNB,-26.14,28.25,1380705900
91100,Delegate,New Zealand,PMR,-40.320556,175.616944,1380671700,South Africa,JNB,-26.14,28.25,1380699000
69882,Delegate,Burma,RGN,16.907305,96.133222,1380680100,South Africa,JNB,-26.14,28.25,1380706200
84186,Delegate,Spain,SCQ,42.896333,-8.415144,1380638100,South Africa,JNB,-26.14,28.25,1380704100
99090,Delegate,Ghana,ACC,5.605186,-0.166786,,South Africa,JNB,-26.14,28.25,1380443100
22129,Ambassador,Papua New Guinea,POM,-9.443383,147.22005,1380657600,South Africa,JNB,-26.14,28.25,1380699000
99832,Delegate,Mauritania,NKC,18.097856,-15.947956,1380580200,South Africa,JNB,-26.14,28.25,1380669300
18995,Ambassador,Comoros,HAH,-11.533661,43.27185,1380646800,South Africa,JNB,-26.14,28.25,1380678600
132746,Delegate,United Kingdom,LHR,51.4775,-0.461389,,South Africa,JNB,-26.14,28.25,1380704100
18129,Delegate,Sierra Leone,FNA,8.616444,-13.195489,1380648000,South Africa,JNB,-26.14,28.25,1380714600
124067,Delegate,United Kingdom,LHR,51.4775,-0.461389,,South Africa,JNB,-26.14,28.25,1380711900
93615,Delegate,Mauritius,MRU,-20.430235,57.6836,1380723300,South Africa,JNB,-26.14,28.25,1380721800
99947,Delegate,Grenada,GND,12.004247,-61.786192,1380528900,South Africa,JNB,-26.14,28.25,1380704100
113416,Delegate,Denmark,CPH,55.617917,12.655972,1380642900,South Africa,JNB,-26.14,28.25,1380718200
81565,Delegate,Saint Lucia,UVF,13.733194,-60.952597,1380555300,South Africa,JNB,-26.14,28.25,1380704100
119431,Delegate,Armenia,EVN,40.147275,44.395881,1380650100,South Africa,JNB,-26.14,28.25,1380718200
31524,Delegate,Guatemala,GUA,14.583272,-90.527475,1380520980,South Africa,JNB,-26.14,28.25,1380705300
124944,Delegate,Antigua and Barbuda,ANU,17.136749,-61.792667,1380538500,South Africa,JNB,-26.14,28.25,1380707400
19542,Ambassador,Laos,VTE,17.988322,102.563256,1380602700,South Africa,JNB,-26.14,28.25,1380640800
78176,Delegate,Kazakhstan,ALA,43.352072,77.040508,1380669900,South Africa,JNB,-26.14,28.25,1380695100
22240,Delegate,East Timor,DIL,-8.546553,125.524719,1380669900,South Africa,JNB,-26.14,28.25,1380701400
94010,Delegate,Belize,BZE,17.539144,-88.308203,1380533100,South Africa,JNB,-26.14,28.25,1380679200
99457,Delegate,Saint Kitts and Nevis,SKB,17.311194,-62.718667,1380516600,South Africa,JNB,-26.14,28.25,1380711900
98822,Delegate,France,CDG,49.012779,2.55,,South Africa,JNB,-26.14,28.25,1380628200
95488,Delegate,Bolivia,LPB,-16.513339,-68.192256,,South Africa,JNB,-26.14,28.25,1380704700
94068,Delegate,Burkina Faso,OUA,12.353194,-1.512417,1380585600,South Africa,JNB,-26.14,28.25,1380702300
127090,Delegate,United Kingdom,LHR,51.4775,-0.461389,,South Africa,JNB,-26.14,28.25,1380705300
19797,Delegate,Burundi,BJM,-3.324019,29.318519,1380705600,South Africa,JNB,-26.14,28.25,1380718800
100918,Delegate,France,CDG,49.012779,2.55,,South Africa,JNB,-26.14,28.25,1380714600
112417,Delegate,Malta,MLA,35.857497,14.4775,1380642900,South Africa,JNB,-26.14,28.25,1380718200
110491,Delegate,Iraq,ISU,35.5608,45.3147,1380657600,South Africa,JNB,-26.14,28.25,1380718200
22827,Delegate,United States,FLL,26.072583,-80.15275,1380589200,South Africa,JNB,-26.14,28.25,1380708900
20642,Delegate,Nicaragua,MGA,12.141494,-86.168178,1379916300,South Africa,JNB,-26.14,28.25,1380704100
73347,Delegate,Brunei,BWN,4.9442,114.928353,1380647700,South Africa,JNB,-26.14,28.25,1380718200
91682,Delegate,Oman,MCT,23.593278,58.284444,1380681300,South Africa,JNB,-26.14,28.25,1380709200
78913,Delegate,United States,DTW,42.212444,-83.353389,1380481200,South Africa,JNB,-26.14,28.25,1380654900
92305,Delegate,Guyana,GEO,6.498553,-58.254119,1380504900,South Africa,JNB,-26.14,28.25,1380710700
132300,Delegate,Singapore,SIN,1.350189,103.994433,,South Africa,JNB,-26.14,28.25,1380701400
72803,Delegate,Costa Rica,SJO,9.993861,-84.208806,1380540960,South Africa,JNB,-26.14,28.25,1380707400
95636,Delegate,Netherlands,AMS,52.308613,4.763889,,South Africa,JNB,-26.14,28.25,1380669300
122798,Delegate,United Kingdom,LHR,51.4775,-0.461389,1380652800,South Africa,JNB,-26.14,28.25,1380712200
94753,Delegate,Antigua and Barbuda,ANU,17.136749,-61.792667,1380520200,South Africa,JNB,-26.14,28.25,1380704100
92143,Delegate,Spain,BCN,41.297078,2.078464,1380660900,South Africa,JNB,-26.14,28.25,1380712200
85437,Delegate,Portugal,LIS,38.781311,-9.135919,1380585600,South Africa,JNB,-26.14,28.25,1380710700
130820,Delegate,United Arab Emirates,DXB,25.252778,55.364444,,South Africa,JNB,-26.14,28.25,1380479100
133850,Delegate,Paraguay,ASU,-25.23985,-57.519133,1379401200,South Africa,JNB,-26.14,28.25,1379497800
72277,Delegate,Singapore,SIN,1.350189,103.994433,,South Africa,JNB,-26.14,28.25,1380701400
97438,Delegate,Greece,SKG,40.519725,22.97095,1380649200,South Africa,JNB,-26.14,28.25,1380714000
74171,Delegate,Djibouti,JIB,11.5472,43.1594,1380596400,South Africa,JNB,-26.14,28.25,1380592800
132570,Delegate,United Kingdom,LHR,51.4775,-0.461389,,South Africa,JNB,-26.14,28.25,1380711900
20497,Delegate,Dominican Republic,SDQ,18.429664,-69.668925,1380508200,South Africa,JNB,-26.14,28.25,1380654900
96108,Delegate,United Arab Emirates,DXB,25.252778,55.364444,,South Africa,JNB,-26.14,28.25,1380667800
56144,Ambassador,United Kingdom,LHR,51.4775,-0.461389,,South Africa,JNB,-26.14,28.25,1380711900
92153,Delegate,United Kingdom,LHR,51.4775,-0.461389,,South Africa,JNB,-26.14,28.25,1380444900
119013,Delegate,United Kingdom,LHR,51.4775,-0.461389,,South Africa,JNB,-26.14,28.25,1380710700
79165,Delegate,Gambia,BJL,13.337961,-16.652206,1380528000,South Africa,JNB,-26.14,28.25,1380654900
121239,Delegate,United States,JFK,40.639751,-73.778925,,South Africa,JNB,-26.14,28.25,1380708900
127100,Delegate,United States,JFK,40.639751,-73.778925,,South Africa,JNB,-26.14,28.25,1380536700
85410,Delegate,United States,IAD,38.944533,-77.455811,1380544800,South Africa,JNB,-26.14,28.25,1380654900
84854,Delegate,Canada,YYZ,43.677223,-79.630556,1380561300,South Africa,JNB,-26.14,28.25,1380711900
18837,Ambassador,Switzerland,ZRH,47.464722,8.549167,1380152700,South Africa,JNB,-26.14,28.25,1380193800
86123,Delegate,United Kingdom,LHR,51.4775,-0.461389,,South Africa,JNB,-26.14,28.25,1380618900
54903,Ambassador,United Kingdom,LHR,51.4775,-0.461389,,South Africa,JNB,-26.14,28.25,1380704100
99226,Delegate,France,CDG,49.012779,2.55,,South Africa,JNB,-26.14,28.25,1380714600
94083,Delegate,Bangladesh,CGP,22.249611,91.813286,1380597900,South Africa,JNB,-26.14,28.25,1380631800
115598,Delegate,Netherlands,AMS,52.308613,4.763889,,South Africa,JNB,-26.14,28.25,1380669300
132716,Delegate,United Kingdom,LHR,51.4775,-0.461389,,South Africa,JNB,-26.14,28.25,1380704100
129701,Delegate,South Africa,CPT,-33.964806,18.601667,,South Africa,JNB,-26.14,28.25,1380709800
22238,Delegate,Colombia,BAQ,10.889589,-74.780819,1380520800,South Africa,JNB,-26.14,28.25,1380704100
72643,Delegate,Maldives,MLE,4.191833,73.529128,1380686400,South Africa,JNB,-26.14,28.25,1380718200
89619,Delegate,United Arab Emirates,DXB,25.252778,55.364444,1380464100,South Africa,JNB,-26.14,28.25,1380479100
130404,Delegate,United Kingdom,LHR,51.4775,-0.461389,,South Africa,JNB,-26.14,28.25,1380711900
131984,Delegate,United Kingdom,LHR,51.4775,-0.461389,,South Africa,JNB,-26.14,28.25,1380711900
132671,Delegate,United Kingdom,LHR,51.4775,-0.461389,,South Africa,JNB,-26.14,28.25,1380704100
79217,Delegate,Haiti,PAP,18.58005,-72.292542,1380543300,South Africa,JNB,-26.14,28.25,1380708900
127124,Delegate,United States,JFK,40.639751,-73.778925,,South Africa,JNB,-26.14,28.25,1380708900
131041,Delegate,United Kingdom,LHR,51.4775,-0.461389,,South Africa,JNB,-26.14,28.25,1380712500
96523,Delegate,Madagascar,TNR,-18.79695,47.478806,1380650400,South Africa,JNB,-26.14,28.25,1380656400
130344,Delegate,United Kingdom,LHR,51.4775,-0.461389,,South Africa,JNB,-26.14,28.25,1380704100
131789,Delegate,United Kingdom,LHR,51.4775,-0.461389,,South Africa,JNB,-26.14,28.25,1380711900
139511,Delegate,India,BOM,19.088686,72.867919,,South Africa,JNB,-26.14,28.25,1380705900
135934,Delegate,United Arab Emirates,DXB,25.252778,55.364444,,South Africa,JNB,-26.14,28.25,1380631800
131304,Delegate,Nigeria,LOS,6.577369,3.321156,,South Africa,JNB,-26.14,28.25,1380697200
133500,Delegate,South Africa,CPT,-33.964806,18.601667,,South Africa,JNB,-26.14,28.25,1380719400
96197,Delegate,New Zealand,AKL,-37.008056,174.791667,1380610500,South Africa,JNB,-26.14,28.25,1380651900
135488,Delegate,Suriname,PBM,5.452831,-55.187783,1380552600,South Africa,JNB,-26.14,28.25,1380669300
139294,Delegate,Kuwait,KWI,29.226567,47.968928,1380679500,South Africa,JNB,-26.14,28.25,1380709200
139390,Delegate,United States,JFK,40.639751,-73.778925,,South Africa,JNB,-26.14,28.25,1380708900
96248,Delegate,United Kingdom,LHR,51.4775,-0.461389,,South Africa,JNB,-26.14,28.25,1380711900
92259,Delegate,Gabon,LBV,0.4586,9.412283,1380674100,South Africa,JNB,-26.14,28.25,1380698400
31632,Ambassador,South Africa,CPT,-33.964806,18.601667,,South Africa,JNB,-26.14,28.25,1380666600
139718,Delegate,Germany,FRA,50.026421,8.543125,,South Africa,JNB,-26.14,28.25,1380619500
36815,Delegate,Togo,LFW,6.165611,1.254511,1380640200,South Africa,JNB,-26.14,28.25,1380698400
139454,Delegate,Germany,FRA,50.026421,8.543125,,South Africa,JNB,-26.14,28.25,1380753600
136375,Delegate,South Africa,DUR,-29.970089,30.950519,,South Africa,JNB,-26.14,28.25,1380640800
131854,Delegate,South Africa,CPT,-33.964806,18.601667,,South Africa,JNB,-26.14,28.25,1380666600
139408,Delegate,Brazil,GRU,-23.432075,-46.469511,,South Africa,JNB,-26.14,28.25,1380388800
138228,Delegate,Nigeria,LOS,6.577369,3.321156,,South Africa,JNB,-26.14,28.25,1380611100
145004,Delegate,United Arab Emirates,DXB,25.252778,55.364444,,South Africa,JNB,-26.14,28.25,1380651900
144178,Delegate,United States,DTW,42.212444,-83.353389,,South Africa,JNB,-26.14,28.25,1380567600
143613,Delegate,Brazil,GRU,-23.432075,-46.469511,,South Africa,JNB,-26.14,28.25,1380621000
145387,Delegate,India,BOM,19.088686,72.867919,,South Africa,JNB,-26.14,28.25,1380619500
69451,Delegate,United Arab Emirates,DXB,25.252778,55.364444,,South Africa,JNB,-26.14,28.25,1380718200
130366,Delegate,United Kingdom,LHR,51.4775,-0.461389,,South Africa,JNB,-26.14,28.25,1380704100
21177,Delegate,South Africa,CPT,-33.964806,18.601667,,South Africa,JNB,-26.14,28.25,1380719400
132779,Delegate,United Kingdom,LHR,51.4775,-0.461389,,South Africa,JNB,-26.14,28.25,1380622500
144294,Delegate,South Africa,DUR,-29.970089,30.950519,,South Africa,JNB,-26.14,28.25,1380710400
145878,Delegate,Turkey,IST,40.976922,28.814606,,South Africa,JNB,-26.14,28.25,1380714000
95385,Delegate,Barbados,BGI,13.074603,-59.492456,1380544800,South Africa,JNB,-26.14,28.25,1380704100
145147,Delegate,India,BOM,19.088686,72.867919,,South Africa,JNB,-26.14,28.25,1380619500
145968,Delegate,Turkey,IST,40.976922,28.814606,,South Africa,JNB,-26.14,28.25,1380714000
146263,Delegate,United Kingdom,LHR,51.4775,-0.461389,,South Africa,JNB,-26.14,28.25,1380704100
96694,Delegate,United States,JFK,40.639751,-73.778925,,South Africa,JNB,-26.14,28.25,1380623100
136436,Delegate,India,BOM,19.088686,72.867919,,South Africa,JNB,-26.14,28.25,1380619500
136988,Delegate,Senegal,DKR,14.739708,-17.490225,,South Africa,JNB,-26.14,28.25,1380654900
145738,Delegate,Turkey,IST,40.976922,28.814606,,South Africa,JNB,-26.14,28.25,1380714000
145987,Delegate,Turkey,IST,40.976922,28.814606,,South Africa,JNB,-26.14,28.25,1380714000
145807,Delegate,Turkey,IST,40.976922,28.814606,,South Africa,JNB,-26.14,28.25,1380714000
144852,Delegate,United Arab Emirates,AUH,24.432972,54.651138,,South Africa,JNB,-26.14,28.25,1380650100
141292,Delegate,United States,JFK,40.639751,-73.778925,,South Africa,JNB,-26.14,28.25,1380623400
129383,Delegate,Egypt,CAI,30.121944,31.405556,,South Africa,JNB,-26.14,28.25,1380705300
53572,Ambassador,United Kingdom,LHR,51.4775,-0.461389,,South Africa,JNB,-26.14,28.25,1380710700
74870,Delegate,Slovenia,LJU,46.223686,14.457611,1380641700,South Africa,JNB,-26.14,28.25,1380714000
29650,Delegate,Fiji,NAN,-17.755392,177.443378,1380599400,South Africa,JNB,-26.14,28.25,1380705300
134126,Delegate,Uruguay,MVD,-34.838417,-56.030806,1380622500,South Africa,JNB,-26.14,28.25,1380707400
143765,Delegate,Hong Kong,HKG,22.308919,113.914603,,South Africa,JNB,-26.14,28.25,1380702300
133615,Delegate,Turkey,IST,40.976922,28.814606,,South Africa,JNB,-26.14,28.25,1380714000
135837,Delegate,New Zealand,AKL,-37.008056,174.791667,1380610200,South Africa,JNB,-26.14,28.25,1380651900
146156,Delegate,Turkey,IST,40.976922,28.814606,,South Africa,JNB,-26.14,28.25,1380714000
98744,Delegate,United Kingdom,LHR,51.4775,-0.461389,,South Africa,JNB,-26.14,28.25,1380705300
145568,Delegate,United States,DTW,42.212444,-83.353389,,South Africa,JNB,-26.14,28.25,1380654000
142674,Delegate,France,CDG,49.012779,2.55,,South Africa,JNB,-26.14,28.25,1380628200
140969,Delegate,United Kingdom,LHR,51.4775,-0.461389,,South Africa,JNB,-26.14,28.25,1380705300
36718,Ambassador,Germany,MUC,48.353783,11.786086,,South Africa,JNB,-26.14,28.25,1380623400
137563,Delegate,United Arab Emirates,DXB,25.252778,55.364444,,South Africa,JNB,-26.14,28.25,1380631800
144498,Delegate,Turkey,IST,40.976922,28.814606,,South Africa,JNB,-26.14,28.25,1380714000
132193,Delegate,United Kingdom,LHR,51.4775,-0.461389,,South Africa,JNB,-26.14,28.25,1380712500
116539,Delegate,France,CDG,49.012779,2.55,,South Africa,JNB,-26.14,28.25,1380369000
69935,Delegate,Latvia,RIX,56.923611,23.971111,1380280800,South Africa,JNB,-26.14,28.25,1380358500
124824,Delegate,Ethiopia,ADD,8.977889,38.799319,,South Africa,JNB,-26.14,28.25,1380640800
129764,Delegate,United Kingdom,LHR,51.4775,-0.461389,,South Africa,JNB,-26.14,28.25,1380712500
148004,Delegate,Turkey,IST,40.976922,28.814606,,South Africa,JNB,-26.14,28.25,1380714300
145614,Delegate,South Africa,DUR,-29.970089,30.950519,,South Africa,JNB,-26.14,28.25,1380710400
51226,Delegate,Mali,BKO,12.533544,-7.949944,1380484200,South Africa,JNB,-26.14,28.25,1380541800
121092,Delegate,Hungary,BUD,47.436933,19.255592,1380575700,South Africa,JNB,-26.14,28.25,1380627600
64710,Ambassador,United Arab Emirates,AUH,24.432972,54.651138,,South Africa,JNB,-26.14,28.25,1380650100
148033,Delegate,United Kingdom,LHR,51.4775,-0.461389,,South Africa,JNB,-26.14,28.25,1380704100
91455,Delegate,United States,MSY,29.993389,-90.258028,1380531600,South Africa,JNB,-26.14,28.25,1380654000
144288,Delegate,Netherlands,AMS,52.308613,4.763889,,South Africa,JNB,-26.14,28.25,1380669300
145544,Group Minder or Chaperone,South Africa,CPT,-33.964806,18.601667,,South Africa,JNB,-26.14,28.25,1380640500
138932,Delegate,Germany,FRA,50.026421,8.543125,,South Africa,JNB,-26.14,28.25,1380624000
18599,Delegate,Israel,TLV,32.011389,34.886667,1380563100,South Africa,JNB,-26.14,28.25,1380627600
145975,Delegate,Turkey,ESB,40.128082,32.995083,,South Africa,JNB,-26.14,28.25,1380714000
96588,Delegate,United Arab Emirates,DXB,25.252778,55.364444,,South Africa,JNB,-26.14,28.25,1380718200
92324,Delegate,United Kingdom,LHR,51.4775,-0.461389,,South Africa,JNB,-26.14,28.25,1380704100
146680,Delegate,Turkey,IST,40.976922,28.814606,,South Africa,JNB,-26.14,28.25,1380714000
99616,Delegate,Honduras,TGU,14.060883,-87.217197,1380520740,South Africa,JNB,-26.14,28.25,1380707400
66130,Ambassador,United Kingdom,LHR,51.4775,-0.461389,1380661200,South Africa,JNB,-26.14,28.25,1380710700
95303,Delegate,Serbia,PRN,42.572778,21.035833,1380663600,South Africa,JNB,-26.14,28.25,1380714000
144305,Ambassador,South Africa,CPT,-33.964806,18.601667,,South Africa,JNB,-26.14,28.25,1380719400
100488,Delegate,France,CDG,49.012779,2.55,,South Africa,JNB,-26.14,28.25,1380628200
54500,Ambassador,Germany,MUC,48.353783,11.786086,,South Africa,JNB,-26.14,28.25,1380709800
132228,Delegate,Argentina,EZE,-34.822222,-58.535833,,South Africa,JNB,-26.14,28.25,1380535800
128959,Delegate,United Arab Emirates,DXB,25.252778,55.364444,,South Africa,JNB,-26.14,28.25,1380718200
132739,Delegate,United Kingdom,LHR,51.4775,-0.461389,,South Africa,JNB,-26.14,28.25,1380704100
116328,Delegate,United Kingdom,LHR,51.4775,-0.461389,,South Africa,JNB,-26.14,28.25,1380710700
45570,Delegate,Croatia,ZAG,45.742931,16.068778,1380662700,South Africa,JNB,-26.14,28.25,1380714000
124435,Delegate,Qatar,DOH,25.261125,51.565056,,South Africa,JNB,-26.14,28.25,1380709200
131686,Delegate,Austria,VIE,48.110278,16.569722,,South Africa,JNB,-26.14,28.25,1380704100
76114,Delegate,United Kingdom,LHR,51.4775,-0.461389,,South Africa,JNB,-26.14,28.25,1380705300
127237,Delegate,India,BOM,19.088686,72.867919,,South Africa,JNB,-26.14,28.25,1380360300
144548,Delegate,Netherlands,AMS,52.308613,4.763889,,South Africa,JNB,-26.14,28.25,1380669300
132806,Delegate,United Kingdom,LHR,51.4775,-0.461389,,South Africa,JNB,-26.14,28.25,1380711900
148805,Delegate,Ghana,ACC,5.605186,-0.166786,,South Africa,JNB,-26.14,28.25,1380614100
54386,Ambassador,Dominica,DOM,15.547028,-61.3,1380510600,South Africa,JNB,-26.14,28.25,1380704100
97342,Delegate,Puerto Rico,SJU,18.439417,-66.001833,1380527100,South Africa,JNB,-26.14,28.25,1380654000
145290,Delegate,United States,JFK,40.639751,-73.778925,,South Africa,JNB,-26.14,28.25,1380708900
146146,Delegate,United Kingdom,LHR,51.4775,-0.461389,,South Africa,JNB,-26.14,28.25,1380704100
29473,Delegate,United States,SFO,37.618972,-122.374889,1380554100,South Africa,JNB,-26.14,28.25,1380708900
144637,Delegate,United Arab Emirates,DXB,25.252778,55.364444,,South Africa,JNB,-26.14,28.25,1380631800
145789,Delegate,France,CDG,49.012779,2.55,,South Africa,JNB,-26.14,28.25,1380282600
132202,Delegate,United States,DTW,42.212444,-83.353389,,South Africa,JNB,-26.14,28.25,1380654000
53548,Ambassador,United States,DTW,42.212444,-83.353389,,South Africa,JNB,-26.14,28.25,1380654000
146745,Delegate,Turkey,IST,40.976922,28.814606,,South Africa,JNB,-26.14,28.25,1380714000
147709,Delegate,Singapore,SIN,1.350189,103.994433,,South Africa,JNB,-26.14,28.25,1380701400
129463,Delegate,Hong Kong,HKG,22.308919,113.914603,,South Africa,JNB,-26.14,28.25,1380702300
132212,Delegate,Netherlands,AMS,52.308613,4.763889,,South Africa,JNB,-26.14,28.25,1380669300
130624,Delegate,United Kingdom,LHR,51.4775,-0.461389,,South Africa,JNB,-26.14,28.25,1380704100
110204,Delegate,South Africa,CPT,-33.964806,18.601667,,South Africa,JNB,-26.14,28.25,1380718200
129848,Delegate,Singapore,SIN,1.350189,103.994433,,South Africa,JNB,-26.14,28.25,1380701400
122254,Delegate,Nigeria,LOS,6.577369,3.321156,,South Africa,JNB,-26.14,28.25,1380610800
128173,Delegate,United Kingdom,LHR,51.4775,-0.461389,,South Africa,JNB,-26.14,28.25,1380710700
93955,Delegate,Uzbekistan,TAS,41.257861,69.281186,1380546900,South Africa,JNB,-26.14,28.25,1380581400
112672,Delegate,Germany,DUS,51.289453,6.766775,1380649500,South Africa,JNB,-26.14,28.25,1380704100
133931,Delegate,United Kingdom,LHR,51.4775,-0.461389,,South Africa,JNB,-26.14,28.25,1380704100
131799,Delegate,United Kingdom,LHR,51.4775,-0.461389,,South Africa,JNB,-26.14,28.25,1380700500
33386,Delegate,South Africa,CPT,-33.964806,18.601667,1380711000,South Africa,JNB,-26.14,28.25,1380718200
146076,Delegate,Netherlands,AMS,52.308613,4.763889,,South Africa,JNB,-26.14,28.25,1380669300
146866,Delegate,United Kingdom,LHR,51.4775,-0.461389,,South Africa,JNB,-26.14,28.25,1380704100
99297,Delegate,France,CDG,49.012779,2.55,,South Africa,JNB,-26.14,28.25,1380714600
150475,Delegate,France,CDG,49.012779,2.55,,South Africa,JNB,-26.14,28.25,1380714600
124842,Delegate,Senegal,DKR,14.739708,-17.490225,,South Africa,JNB,-26.14,28.25,1380568500
145722,Delegate,United Kingdom,LHR,51.4775,-0.461389,,South Africa,JNB,-26.14,28.25,1380704100
147740,Delegate,South Africa,DUR,-29.970089,30.950519,,South Africa,JNB,-26.14,28.25,1379760000
18701,Ambassador,Brazil,GRU,-23.432075,-46.469511,,South Africa,JNB,-26.14,28.25,1380708000
54549,Ambassador,United Kingdom,LHR,51.4775,-0.461389,,South Africa,JNB,-26.14,28.25,1380711900
38584,Delegate,United Kingdom,LHR,51.4775,-0.461389,,South Africa,JNB,-26.14,28.25,1380704100
139649,Delegate,United States,JFK,40.639751,-73.778925,,South Africa,JNB,-26.14,28.25,1380450300
146917,Delegate,United Kingdom,LHR,51.4775,-0.461389,,South Africa,JNB,-26.14,28.25,1380621900
133987,Delegate,Brazil,GRU,-23.432075,-46.469511,,South Africa,JNB,-26.14,28.25,1380718800
151017,Delegate,United Kingdom,LHR,51.4775,-0.461389,,South Africa,JNB,-26.14,28.25,1380703500
139192,Delegate,Germany,FRA,50.026421,8.543125,,South Africa,JNB,-26.14,28.25,1380710400
146659,Delegate,United States,JFK,40.639751,-73.778925,,South Africa,JNB,-26.14,28.25,1380708900
21974,Delegate,Senegal,DKR,14.739708,-17.490225,1380610200,South Africa,JNB,-26.14,28.25,1380654900
147161,Delegate,United States,JFK,40.639751,-73.778925,,South Africa,JNB,-26.14,28.25,1380708900
145895,Delegate,Singapore,SIN,1.350189,103.994433,,South Africa,JNB,-26.14,28.25,1380615000
148128,Delegate,United States,JFK,40.639751,-73.778925,,South Africa,JNB,-26.14,28.25,1380623100
117110,Delegate,Solomon Islands,HIR,-9.428,160.054789,1380592800,South Africa,JNB,-26.14,28.25,1380651900
53046,Delegate,India,BOM,19.088686,72.867919,1380699300,South Africa,JNB,-26.14,28.25,1380705900
151564,Delegate,United Kingdom,LHR,51.4775,-0.461389,,South Africa,JNB,-26.14,28.25,1380711900
132462,Delegate,United Arab Emirates,DXB,25.252778,55.364444,,South Africa,JNB,-26.14,28.25,1380718200
149841,Delegate,United Kingdom,LHR,51.4775,-0.461389,,South Africa,JNB,-26.14,28.25,1380710700
148679,Delegate,Australia,SYD,-33.946111,151.177222,,South Africa,JNB,-26.14,28.25,1380651300
144342,Delegate,United Arab Emirates,DXB,25.252778,55.364444,,South Africa,JNB,-26.14,28.25,1380718200
142861,Delegate,United States,DTW,42.212444,-83.353389,,South Africa,JNB,-26.14,28.25,1380654000
148592,Delegate,Switzerland,ZRH,47.464722,8.549167,,South Africa,JNB,-26.14,28.25,1380712200
150448,Delegate,France,CDG,49.012779,2.55,,South Africa,JNB,-26.14,28.25,1380714600
142803,Delegate,Hong Kong,HKG,22.308919,113.914603,,South Africa,JNB,-26.14,28.25,1380615900
95323,Delegate,United Arab Emirates,DXB,25.252778,55.364444,,South Africa,JNB,-26.14,28.25,1380372600
18894,Ambassador,United Arab Emirates,DXB,25.252778,55.364444,1380703200,South Africa,JNB,-26.14,28.25,1380718200
120575,Delegate,South Africa,CPT,-33.964806,18.601667,,South Africa,JNB,-26.14,28.25,1380651000
64553,Ambassador,United Kingdom,LHR,51.4775,-0.461389,,South Africa,JNB,-26.14,28.25,1380624300
53560,Ambassador,United Arab Emirates,DXB,25.252778,55.364444,,South Africa,JNB,-26.14,28.25,1380667800
148850,Delegate,France,CDG,49.012779,2.55,,South Africa,JNB,-26.14,28.25,1380714600
144413,Delegate,Nigeria,LOS,6.577369,3.321156,,South Africa,JNB,-26.14,28.25,1380697500
132564,Delegate,United Kingdom,LHR,51.4775,-0.461389,,South Africa,JNB,-26.14,28.25,1380711900
139525,Delegate,United Kingdom,LHR,51.4775,-0.461389,,South Africa,JNB,-26.14,28.25,1380099300
149943,Delegate,United States,DTW,42.212444,-83.353389,,South Africa,JNB,-26.14,28.25,1380654000
150103,Delegate,United Kingdom,LHR,51.4775,-0.461389,,South Africa,JNB,-26.14,28.25,1380710700
137873,Delegate,Nigeria,LOS,6.577369,3.321156,,South Africa,JNB,-26.14,28.25,1380697200
132688,Delegate,Brazil,GRU,-23.432075,-46.469511,,South Africa,JNB,-26.14,28.25,1380718800
130264,Delegate,Brazil,GRU,-23.432075,-46.469511,,South Africa,JNB,-26.14,28.25,1380621000
130992,Delegate,United Kingdom,LHR,51.4775,-0.461389,,South Africa,JNB,-26.14,28.25,1380710700
133050,Delegate,United Kingdom,LHR,51.4775,-0.461389,,South Africa,JNB,-26.14,28.25,1380711900
130066,Delegate,United Kingdom,LHR,51.4775,-0.461389,,South Africa,JNB,-26.14,28.25,1380711900
152773,Delegate,Switzerland,ZRH,47.464722,8.549167,,South Africa,JNB,-26.14,28.25,1380716400
150204,Delegate,Botswana,GBE,-24.555225,25.918208,,South Africa,JNB,-26.14,28.25,1380710400
152713,Delegate,United Arab Emirates,DXB,25.252778,55.364444,,South Africa,JNB,-26.14,28.25,1380651900
19873,Ambassador,United Kingdom,LHR,51.4775,-0.461389,,South Africa,JNB,-26.14,28.25,1380420000
144766,Delegate,United Kingdom,LHR,51.4775,-0.461389,,South Africa,JNB,-26.14,28.25,1380704100
154279,Delegate,Qatar,DOH,25.261125,51.565056,,South Africa,JNB,-26.14,28.25,1380645000
153681,Delegate,South Africa,CPT,-33.964806,18.601667,,South Africa,JNB,-26.14,28.25,1380712200
153965,Delegate,India,BOM,19.088686,72.867919,,South Africa,JNB,-26.14,28.25,1380705900
154457,Delegate,United Kingdom,LHR,51.4775,-0.461389,,South Africa,JNB,-26.14,28.25,1380710700
152633,Delegate,Hong Kong,HKG,22.308919,113.914603,,South Africa,JNB,-26.14,28.25,1380701700
154140,Delegate,Uganda,EBB,0.042386,32.443503,,South Africa,JNB,-26.14,28.25,1380717600
153873,Delegate,United Kingdom,LHR,51.4775,-0.461389,,South Africa,JNB,-26.14,28.25,1380710700
154432,Delegate,Nigeria,LOS,6.577369,3.321156,,South Africa,JNB,-26.14,28.25,1380697500
153414,Delegate,South Africa,CPT,-33.964806,18.601667,,South Africa,JNB,-26.14,28.25,1380709800
135599,Delegate,Nigeria,LOS,6.577369,3.321156,,South Africa,JNB,-26.14,28.25,1380697200
153762,Delegate,United States,JFK,40.639751,-73.778925,,South Africa,JNB,-26.14,28.25,1380708900
152352,Delegate,Germany,MUC,48.353783,11.786086,,South Africa,JNB,-26.14,28.25,1380709800
152153,Delegate,United Arab Emirates,DXB,25.252778,55.364444,,South Africa,JNB,-26.14,28.25,1380702300
152782,Delegate,Qatar,DOH,25.261125,51.565056,,South Africa,JNB,-26.14,28.25,1380650100
151035,Delegate,India,BOM,19.088686,72.867919,,South Africa,JNB,-26.14,28.25,1380705900
154449,Delegate,Brazil,GRU,-23.432075,-46.469511,,South Africa,JNB,-26.14,28.25,1380707400
131251,Delegate,Central African Republic,BGF,4.398475,18.518786,1380631200,South Africa,JNB,-26.14,28.25,1380698400
151102,Delegate,Brazil,GRU,-23.432075,-46.469511,,South Africa,JNB,-26.14,28.25,1380707400
154442,Delegate,Uganda,EBB,0.042386,32.443503,,South Africa,JNB,-26.14,28.25,1380717600
139481,Delegate,Senegal,DKR,14.739708,-17.490225,,South Africa,JNB,-26.14,28.25,1380482100
150210,Delegate,Uganda,EBB,0.042386,32.443503,,South Africa,JNB,-26.14,28.25,1380717600
150915,Delegate,Egypt,CAI,30.121944,31.405556,,South Africa,JNB,-26.14,28.25,1380705300
55093,Ambassador,United Kingdom,LHR,51.4775,-0.461389,,South Africa,JNB,-26.14,28.25,1380711900
137630,Delegate,Nigeria,LOS,6.577369,3.321156,,South Africa,JNB,-26.14,28.25,1380697500
95457,Delegate,South Africa,CPT,-33.964806,18.601667,,South Africa,JNB,-26.14,28.25,1380712800
150740,Delegate,India,BOM,19.088686,72.867919,,South Africa,JNB,-26.14,28.25,1380706200
153946,Delegate,United Kingdom,LHR,51.4775,-0.461389,,South Africa,JNB,-26.14,28.25,1380711900
153952,Delegate,Zimbabwe,HRE,-17.931806,31.092847,,South Africa,JNB,-26.14,28.25,1380712200
18974,Ambassador,United Kingdom,LHR,51.4775,-0.461389,,South Africa,JNB,-26.14,28.25,1380531300
145481,Delegate,Turkey,IST,40.976922,28.814606,,South Africa,JNB,-26.14,28.25,1380454800
153305,Delegate,United Kingdom,LHR,51.4775,-0.461389,,South Africa,JNB,-26.14,28.25,1380710700
155058,Delegate,Zambia,LUN,-15.330817,28.452628,,South Africa,JNB,-26.14,28.25,1380286800
154954,Delegate,Uganda,EBB,0.042386,32.443503,,South Africa,JNB,-26.14,28.25,1380717600
153103,Delegate,South Africa,CPT,-33.964806,18.601667,,South Africa,JNB,-26.14,28.25,1380554100
116685,Delegate,South Africa,PLZ,-33.984919,25.617275,,South Africa,JNB,-26.14,28.25,1380715200
154785,Delegate,Mauritius,MRU,-20.430235,57.6836,,South Africa,JNB,-26.14,28.25,1380635400
144889,Delegate,United States,JFK,40.639751,-73.778925,,South Africa,JNB,-26.14,28.25,1380708900
127164,Delegate,United States,JFK,40.639751,-73.778925,,South Africa,JNB,-26.14,28.25,1380450300
150748,Delegate,South Africa,CPT,-33.964806,18.601667,,South Africa,JNB,-26.14,28.25,1380632400
21515,Delegate,Mozambique,MPM,-25.920836,32.572606,,South Africa,JNB,-26.14,28.25,1380715800
155268,Delegate,United States,JFK,40.639751,-73.778925,,South Africa,JNB,-26.14,28.25,1380708900
155241,Delegate,Australia,SYD,-33.946111,151.177222,,South Africa,JNB,-26.14,28.25,1380564900
154214,Delegate,Brazil,GRU,-23.432075,-46.469511,,South Africa,JNB,-26.14,28.25,1380707400
152133,Delegate,Hong Kong,HKG,22.308919,113.914603,,South Africa,JNB,-26.14,28.25,1380616200
22551,Ambassador,Spain,BCN,41.297078,2.078464,1380574500,South Africa,JNB,-26.14,28.25,1380625800
155306,Delegate,Zimbabwe,HRE,-17.931806,31.092847,,South Africa,JNB,-26.14,28.25,1380712200
130054,Delegate,United Kingdom,LHR,51.4775,-0.461389,,South Africa,JNB,-26.14,28.25,1380711900
153246,Delegate,United Kingdom,LHR,51.4775,-0.461389,,South Africa,JNB,-26.14,28.25,1380626400
155006,Delegate,Botswana,GBE,-24.555225,25.918208,,South Africa,JNB,-26.14,28.25,1380710400
154401,Delegate,India,BOM,19.088686,72.867919,,South Africa,JNB,-26.14,28.25,1380705900
154395,Delegate,Uganda,EBB,0.042386,32.443503,,South Africa,JNB,-26.14,28.25,1380717900
155076,Delegate,United Kingdom,LHR,51.4775,-0.461389,,South Africa,JNB,-26.14,28.25,1380449100
154742,Delegate,Germany,FRA,50.026421,8.543125,,South Africa,JNB,-26.14,28.25,1380705900
155154,Delegate,United States,JFK,40.639751,-73.778925,,South Africa,JNB,-26.14,28.25,1380450300
57802,Ambassador,Brazil,GRU,-23.432075,-46.469511,,South Africa,JNB,-26.14,28.25,1380621000
120624,Delegate,Australia,SYD,-33.946111,151.177222,,South Africa,JNB,-26.14,28.25,1380651300
153311,Delegate,United Arab Emirates,DXB,25.252778,55.364444,,South Africa,JNB,-26.14,28.25,1380651900
121134,Delegate,Singapore,SIN,1.350189,103.994433,,South Africa,JNB,-26.14,28.25,1380701400
146644,Delegate,South Africa,CPT,-33.964806,18.601667,,South Africa,JNB,-26.14,28.25,1380718200
132260,Delegate,United Kingdom,LHR,51.4775,-0.461389,,South Africa,JNB,-26.14,28.25,1380704100
154077,Delegate,United Kingdom,LHR,51.4775,-0.461389,,South Africa,JNB,-26.14,28.25,1380625500
119633,Delegate,Australia,SYD,-33.946111,151.177222,,South Africa,JNB,-26.14,28.25,1380651300
63385,Ambassador,United Kingdom,LHR,51.4775,-0.461389,,South Africa,JNB,-26.14,28.25,1380710700
119642,Delegate,Australia,SYD,-33.946111,151.177222,,South Africa,JNB,-26.14,28.25,1380651300
150364,Delegate,Hong Kong,HKG,22.308919,113.914603,,South Africa,JNB,-26.14,28.25,1380356700
120888,Delegate,Australia,SYD,-33.946111,151.177222,,South Africa,JNB,-26.14,28.25,1380651300
154946,Delegate,Tanzania,DAR,-6.878111,39.202625,,South Africa,JNB,-26.14,28.25,1380713400
154923,Delegate,Zambia,LUN,-15.330817,28.452628,,South Africa,JNB,-26.14,28.25,1380712800
149856,Delegate,United Kingdom,LHR,51.4775,-0.461389,,South Africa,JNB,-26.14,28.25,1380704100
156003,Delegate,France,CDG,49.012779,2.55,,South Africa,JNB,-26.14,28.25,1380628200
150832,Delegate,United States,DTW,42.212444,-83.353389,,South Africa,JNB,-26.14,28.25,1380654000
154122,Delegate,United Arab Emirates,AUH,24.432972,54.651138,,South Africa,JNB,-26.14,28.25,1380650100
155212,Delegate,Netherlands,AMS,52.308613,4.763889,,South Africa,JNB,-26.14,28.25,1380496500
92355,Delegate,France,CDG,49.012779,2.55,,South Africa,JNB,-26.14,28.25,1380714600
89356,Delegate,Senegal,DKR,14.739708,-17.490225,,South Africa,JNB,-26.14,28.25,1380482100
155520,Delegate,Kenya,NBO,-1.319167,36.9275,,South Africa,JNB,-26.14,28.25,1380708900
154990,Delegate,Mauritius,MRU,-20.430235,57.6836,,South Africa,JNB,-26.14,28.25,1380635400
155797,Delegate,United Arab Emirates,DXB,25.252778,55.364444,,South Africa,JNB,-26.14,28.25,1380651900
153518,Delegate,United States,DTW,42.212444,-83.353389,,South Africa,JNB,-26.14,28.25,1380654000
155021,Delegate,Botswana,GBE,-24.555225,25.918208,,South Africa,JNB,-26.14,28.25,1380710400
150460,Delegate,Switzerland,ZRH,47.464722,8.549167,,South Africa,JNB,-26.14,28.25,1380712200
156230,Delegate,United States,DTW,42.212444,-83.353389,,South Africa,JNB,-26.14,28.25,1380481200
157174,Delegate,Egypt,CAI,30.121944,31.405556,,South Africa,JNB,-26.14,28.25,1380446100
152764,Delegate,United Kingdom,LHR,51.4775,-0.461389,,South Africa,JNB,-26.14,28.25,1380624300
156867,Delegate,France,CDG,49.012779,2.55,,South Africa,JNB,-26.14,28.25,1380714600
155095,Delegate,United Arab Emirates,DXB,25.252778,55.364444,,South Africa,JNB,-26.14,28.25,1380495000
150647,Delegate,Netherlands,AMS,52.308613,4.763889,,South Africa,JNB,-26.14,28.25,1380582900
150296,Delegate,United Kingdom,LHR,51.4775,-0.461389,1380662400,South Africa,JNB,-26.14,28.25,1380711900
157181,Delegate,United Arab Emirates,AUH,24.432972,54.651138,,South Africa,JNB,-26.14,28.25,1380390900
155804,Delegate,Hong Kong,HKG,22.308919,113.914603,,South Africa,JNB,-26.14,28.25,1380702300
62450,Ambassador,United Kingdom,LHR,51.4775,-0.461389,1380398400,South Africa,JNB,-26.14,28.25,1380464400
100534,Delegate,France,CDG,49.012779,2.55,,South Africa,JNB,-26.14,28.25,1380541800
141276,Delegate,United States,CLT,35.214,-80.943139,1380552300,South Africa,JNB,-26.14,28.25,1380705300
152739,Delegate,United Arab Emirates,DXB,25.252778,55.364444,,South Africa,JNB,-26.14,28.25,1380667800
153917,Delegate,United Kingdom,LHR,51.4775,-0.461389,,South Africa,JNB,-26.14,28.25,1380539100
51563,Delegate,United Kingdom,LHR,51.4775,-0.461389,,South Africa,JNB,-26.14,28.25,1380278700
144802,Delegate,United Kingdom,LHR,51.4775,-0.461389,,South Africa,JNB,-26.14,28.25,1380704100
150778,Delegate,United States,JFK,40.639751,-73.778925,,South Africa,JNB,-26.14,28.25,1380708900
156489,Delegate,Senegal,DKR,14.739708,-17.490225,,South Africa,JNB,-26.14,28.25,1380482100
155688,Delegate,United Kingdom,LHR,51.4775,-0.461389,,South Africa,JNB,-26.14,28.25,1380705300
148109,Delegate,South Africa,DUR,-29.970089,30.950519,,South Africa,JNB,-26.14,28.25,1380624000
134296,Delegate,Netherlands,AMS,52.308613,4.763889,,South Africa,JNB,-26.14,28.25,1380669300
155408,Delegate,United Kingdom,LHR,51.4775,-0.461389,,South Africa,JNB,-26.14,28.25,1380704100
156759,Delegate,India,BOM,19.088686,72.867919,,South Africa,JNB,-26.14,28.25,1380705900
55391,Ambassador,United Kingdom,LHR,51.4775,-0.461389,,South Africa,JNB,-26.14,28.25,1380621900
157064,Delegate,United Kingdom,LHR,51.4775,-0.461389,,South Africa,JNB,-26.14,28.25,1380705300
150412,Delegate,France,CDG,49.012779,2.55,,South Africa,JNB,-26.14,28.25,1380714300
150881,Delegate,Switzerland,ZRH,47.464722,8.549167,,South Africa,JNB,-26.14,28.25,1380712200
156969,Delegate,United Arab Emirates,DXB,25.252778,55.364444,,South Africa,JNB,-26.14,28.25,1380717900
156934,Delegate,United States,JFK,40.639751,-73.778925,,South Africa,JNB,-26.14,28.25,1380623100
157229,Delegate,United Kingdom,LHR,51.4775,-0.461389,,South Africa,JNB,-26.14,28.25,1380705420
144785,Delegate,France,CDG,49.012779,2.55,,South Africa,JNB,-26.14,28.25,1380714600
121476,Delegate,Australia,SYD,-33.946111,151.177222,,South Africa,JNB,-26.14,28.25,1380651300
150068,Delegate,South Africa,CPT,-33.964806,18.601667,,South Africa,JNB,-26.14,28.25,1380672000
133690,Delegate,United Arab Emirates,DXB,25.252778,55.364444,,South Africa,JNB,-26.14,28.25,1380495000
157056,Delegate,United Kingdom,LHR,51.4775,-0.461389,,South Africa,JNB,-26.14,28.25,1380711900
121546,Delegate,Australia,SYD,-33.946111,151.177222,,South Africa,JNB,-26.14,28.25,1380651300
155771,Delegate,United Kingdom,LHR,51.4775,-0.461389,,South Africa,JNB,-26.14,28.25,1380704100
146468,Delegate,Hong Kong,HKG,22.308919,113.914603,,South Africa,JNB,-26.14,28.25,1380356700
156177,Delegate,Qatar,DOH,25.261125,51.565056,,South Africa,JNB,-26.14,28.25,1380708900
149827,Delegate,Philippines,MNL,14.508647,121.019581,1380595800,South Africa,JNB,-26.14,28.25,1380701400
153592,Delegate,United Kingdom,LHR,51.4775,-0.461389,,South Africa,JNB,-26.14,28.25,1380366300
93387,Delegate,France,CDG,49.012779,2.55,,South Africa,JNB,-26.14,28.25,1380714600
154577,Delegate,United Kingdom,LHR,51.4775,-0.461389,,South Africa,JNB,-26.14,28.25,1380617700
155705,Delegate,Netherlands,AMS,52.308613,4.763889,,South Africa,JNB,-26.14,28.25,1380496500
157542,Delegate,United Kingdom,LHR,51.4775,-0.461389,,South Africa,JNB,-26.14,28.25,1380185700
153049,Delegate,Zambia,LVI,-17.821756,25.822692,,South Africa,JNB,-26.14,28.25,1380646800
153058,Delegate,Senegal,DKR,14.739708,-17.490225,,South Africa,JNB,-26.14,28.25,1380568500
150514,Delegate,South Africa,CPT,-33.964806,18.601667,,South Africa,JNB,-26.14,28.25,1380672000
150901,Delegate,South Africa,CPT,-33.964806,18.601667,,South Africa,JNB,-26.14,28.25,1380672000
150924,Delegate,South Africa,CPT,-33.964806,18.601667,,South Africa,JNB,-26.14,28.25,1380672000
98783,Delegate,Brazil,GRU,-23.432075,-46.469511,,South Africa,JNB,-26.14,28.25,1380707400
157741,Delegate,Turkey,IST,40.976922,28.814606,,South Africa,JNB,-26.14,28.25,1380714000
156846,Delegate,France,CDG,49.012779,2.55,,South Africa,JNB,-26.14,28.25,1380541800
146169,Delegate,South Africa,CPT,-33.964806,18.601667,,South Africa,JNB,-26.14,28.25,1380564000
153423,Delegate,France,CDG,49.012779,2.55,,South Africa,JNB,-26.14,28.25,1380714600
155351,Delegate,Botswana,GBE,-24.555225,25.918208,,South Africa,JNB,-26.14,28.25,1380710700
101466,Delegate,United Kingdom,LHR,51.4775,-0.461389,,South Africa,JNB,-26.14,28.25,1380444900
56945,Ambassador,Gambia,BJL,13.337961,-16.652206,1380528000,South Africa,JNB,-26.14,28.25,1380637200
151136,Delegate,Netherlands,AMS,52.308613,4.763889,,South Africa,JNB,-26.14,28.25,1380323700
153001,Delegate,Brazil,GRU,-23.432075,-46.469511,,South Africa,JNB,-26.14,28.25,1380707400
156356,Delegate,Australia,SYD,-33.946111,151.177222,,South Africa,JNB,-26.14,28.25,1380305700
155762,Delegate,Singapore,SIN,1.350189,103.994433,,South Africa,JNB,-26.14,28.25,1380615000
157586,Delegate,United States,PHX,33.434278,-112.011583,1380514800,South Africa,JNB,-26.14,28.25,1380705300
110149,Ambassador,United Arab Emirates,AUH,24.432972,54.651138,,South Africa,JNB,-26.14,28.25,1380695400
82600,Delegate,United Arab Emirates,AUH,24.432972,54.651138,,South Africa,JNB,-26.14,28.25,1380695400
157259,Delegate,Netherlands,AMS,52.308613,4.763889,,South Africa,JNB,-26.14,28.25,1380496500
158071,Delegate,United Arab Emirates,DXB,25.252778,55.364444,,South Africa,JNB,-26.14,28.25,1380667800
58319,Ambassador,France,CDG,49.012779,2.55,,South Africa,JNB,-26.14,28.25,1380714600
154597,Delegate,France,CDG,49.012779,2.55,,South Africa,JNB,-26.14,28.25,1380628200
156453,Delegate,Hong Kong,HKG,22.308919,113.914603,,South Africa,JNB,-26.14,28.25,1380705300
151614,Delegate,Switzerland,ZRH,47.464722,8.549167,,South Africa,JNB,-26.14,28.25,1380453000
155549,Delegate,United States,DTW,42.212444,-83.353389,,South Africa,JNB,-26.14,28.25,1380654000
147430,Delegate,Netherlands,AMS,52.308613,4.763889,,South Africa,JNB,-26.14,28.25,1380582900
154629,Delegate,United Kingdom,LHR,51.4775,-0.461389,,South Africa,JNB,-26.14,28.25,1380064800
155462,Delegate,Turkey,IST,40.976922,28.814606,,South Africa,JNB,-26.14,28.25,1380627600
105052,Delegate,France,CDG,49.012779,2.55,,South Africa,JNB,-26.14,28.25,1380714600
127427,Delegate,France,CDG,49.012779,2.55,,South Africa,JNB,-26.14,28.25,1380714600
149325,Delegate,Germany,MUC,48.353783,11.786086,,South Africa,JNB,-26.14,28.25,1380623400
157240,Delegate,Turkey,IST,40.976922,28.814606,,South Africa,JNB,-26.14,28.25,1380714000
144645,Delegate,United Kingdom,LHR,51.4775,-0.461389,,South Africa,JNB,-26.14,28.25,1380704100
139588,Delegate,France,CDG,49.012779,2.55,,South Africa,JNB,-26.14,28.25,1380455400
155108,Delegate,France,CDG,49.012779,2.55,,South Africa,JNB,-26.14,28.25,1380714600
158147,Delegate,Netherlands,AMS,52.308613,4.763889,,South Africa,JNB,-26.14,28.25,1380323700
154968,Delegate,France,CDG,49.012779,2.55,,South Africa,JNB,-26.14,28.25,1380714600
155250,Delegate,United States,JFK,40.639751,-73.778925,,South Africa,JNB,-26.14,28.25,1380450600
155392,Delegate,France,CDG,49.012779,2.55,,South Africa,JNB,-26.14,28.25,1380714600
150580,Delegate,Germany,FRA,50.026421,8.543125,,South Africa,JNB,-26.14,28.25,1380710400
156948,Delegate,United States,JFK,40.639751,-73.778925,,South Africa,JNB,-26.14,28.25,1380708900
62168,Ambassador,Turkey,IST,40.976922,28.814606,,South Africa,JNB,-26.14,28.25,1380682500
141227,Delegate,United States,JFK,40.639751,-73.778925,,South Africa,JNB,-26.14,28.25,1380623100
61243,Ambassador,United States,DTW,42.212444,-83.353389,,South Africa,JNB,-26.14,28.25,1380394800
78515,Delegate,Netherlands,AMS,52.308613,4.763889,,South Africa,JNB,-26.14,28.25,1380403680
155658,Delegate,United Kingdom,LHR,51.4775,-0.461389,,South Africa,JNB,-26.14,28.25,1380625500
152492,Delegate,Brazil,GRU,-23.432075,-46.469511,,South Africa,JNB,-26.14,28.25,1380707400
154647,Delegate,United Kingdom,LHR,51.4775,-0.461389,,South Africa,JNB,-26.14,28.25,1380444900
157674,Delegate,India,BOM,19.088686,72.867919,,South Africa,JNB,-26.14,28.25,1380792300
155013,Delegate,United Kingdom,LHR,51.4775,-0.461389,,South Africa,JNB,-26.14,28.25,1380710700
107279,Delegate,United States,DTW,42.212444,-83.353389,,South Africa,JNB,-26.14,28.25,1380740400
157572,Delegate,United Kingdom,LHR,51.4775,-0.461389,,South Africa,JNB,-26.14,28.25,1380705300
117424,Delegate,United Arab Emirates,DXB,25.252778,55.364444,,South Africa,JNB,-26.14,28.25,1380754200
149999,Delegate,South Africa,CPT,-33.964806,18.601667,,South Africa,JNB,-26.14,28.25,1380672000
153630,Delegate,South Africa,CPT,-33.964806,18.601667,1380711000,South Africa,JNB,-26.14,28.25,1380718200
150756,Delegate,South Africa,CPT,-33.964806,18.601667,,South Africa,JNB,-26.14,28.25,1380632400
157100,Delegate,Hong Kong,HKG,22.308919,113.914603,,South Africa,JNB,-26.14,28.25,1380705300
154024,Delegate,South Africa,CPT,-33.964806,18.601667,,South Africa,JNB,-26.14,28.25,1380726900
155743,Delegate,United States,JFK,40.639751,-73.778925,,South Africa,JNB,-26.14,28.25,1380720300
155605,Delegate,Kenya,NBO,-1.319167,36.9275,,South Africa,JNB,-26.14,28.25,1380714600
155486,Delegate,Kenya,NBO,-1.319167,36.9275,,South Africa,JNB,-26.14,28.25,1380714600
155449,Delegate,Netherlands,AMS,52.308613,4.763889,,South Africa,JNB,-26.14,28.25,1380496500
150956,Delegate,Turkey,IST,40.976922,28.814606,,South Africa,JNB,-26.14,28.25,1380714000
151112,Delegate,United Arab Emirates,DXB,25.252778,55.364444,,South Africa,JNB,-26.14,28.25,1380718200
157779,Delegate,United Kingdom,LHR,51.4775,-0.461389,,South Africa,JNB,-26.14,28.25,1380705300
150128,Delegate,India,BOM,19.088686,72.867919,,South Africa,JNB,-26.14,28.25,1380619500
158268,Delegate,Egypt,CAI,30.121944,31.405556,,South Africa,JNB,-26.14,28.25,1380618900
18706,Ambassador,Qatar,DOH,25.261125,51.565056,,South Africa,JNB,-26.14,28.25,1380709200
159679,Delegate,United Kingdom,LHR,51.4775,-0.461389,,South Africa,JNB,-26.14,28.25,1380710700
118742,Delegate,Netherlands,AMS,52.308613,4.763889,,South Africa,JNB,-26.14,28.25,1380669300
157309,Delegate,Hong Kong,HKG,22.308919,113.914603,,South Africa,JNB,-26.14,28.25,1380705300
158501,Delegate,United Kingdom,LHR,51.4775,-0.461389,,South Africa,JNB,-26.14,28.25,1380705300
148468,Delegate,France,CDG,49.012779,2.55,,South Africa,JNB,-26.14,28.25,1380455400
159820,Delegate,Germany,MUC,48.353783,11.786086,,South Africa,JNB,-26.14,28.25,1380709800
159564,Delegate,Turkey,IST,40.976922,28.814606,,South Africa,JNB,-26.14,28.25,1380454800
159403,Delegate,Kenya,NBO,-1.319167,36.9275,,South Africa,JNB,-26.14,28.25,1380714600
158617,Delegate,United Arab Emirates,AUH,24.432972,54.651138,,South Africa,JNB,-26.14,28.25,1380390900
158733,Delegate,Germany,FRA,50.026421,8.543125,,South Africa,JNB,-26.14,28.25,1380705900
158409,Delegate,Singapore,SIN,1.350189,103.994433,,South Africa,JNB,-26.14,28.25,1380531300
22058,Ambassador,Kenya,NBO,-1.319167,36.9275,,South Africa,JNB,-26.14,28.25,1380714600
148226,Delegate,United States,JFK,40.639751,-73.778925,,South Africa,JNB,-26.14,28.25,1380623100
158081,Delegate,France,CDG,49.012779,2.55,,South Africa,JNB,-26.14,28.25,1380714600
141938,Delegate,Kenya,NBO,-1.319167,36.9275,,South Africa,JNB,-26.14,28.25,1380714600
157040,Delegate,United Kingdom,LHR,51.4775,-0.461389,,South Africa,JNB,-26.14,28.25,1380711900
158331,Delegate,United States,DTW,42.212444,-83.353389,,South Africa,JNB,-26.14,28.25,1380481200
45859,Ambassador,Kenya,NBO,-1.319167,36.9275,,South Africa,JNB,-26.14,28.25,1380714600
95193,Delegate,France,CDG,49.012779,2.55,,South Africa,JNB,-26.14,28.25,1380714600
153958,Delegate,United Arab Emirates,DXB,25.252778,55.364444,,South Africa,JNB,-26.14,28.25,1380718200
159238,Delegate,United Kingdom,LHR,51.4775,-0.461389,,South Africa,JNB,-26.14,28.25,1380448800
149392,Delegate,Hong Kong,HKG,22.308919,113.914603,,South Africa,JNB,-26.14,28.25,1380702600
154200,Delegate,United Kingdom,LHR,51.4775,-0.461389,,South Africa,JNB,-26.14,28.25,1380711900
157619,Delegate,United States,JFK,40.639751,-73.778925,,South Africa,JNB,-26.14,28.25,1380623100
90167,Delegate,Argentina,EZE,-34.822222,-58.535833,,South Africa,JNB,-26.14,28.25,1380535800
121657,Delegate,Kenya,NBO,-1.319167,36.9275,,South Africa,JNB,-26.14,28.25,1380637200
159321,Delegate,Spain,BCN,41.297078,2.078464,1380401700,South Africa,JNB,-26.14,28.25,1380453000
158307,Delegate,Brazil,GRU,-23.432075,-46.469511,,South Africa,JNB,-26.14,28.25,1380718800
158418,Delegate,Hong Kong,HKG,22.308919,113.914603,,South Africa,JNB,-26.14,28.25,1380443100
159468,Delegate,Kenya,NBO,-1.319167,36.9275,,South Africa,JNB,-26.14,28.25,1380714300
160110,Delegate,Kenya,NBO,-1.319167,36.9275,,South Africa,JNB,-26.14,28.25,1380714600
92941,Delegate,Qatar,DOH,25.261125,51.565056,,South Africa,JNB,-26.14,28.25,1380709200
160358,Delegate,Kenya,NBO,-1.319167,36.9275,,South Africa,JNB,-26.14,28.25,1380714600
160262,Delegate,Kenya,NBO,-1.319167,36.9275,,South Africa,JNB,-26.14,28.25,1380714600
160328,Delegate,Kenya,NBO,-1.319167,36.9275,,South Africa,JNB,-26.14,28.25,1380714600
154758,Delegate,South Africa,CPT,-33.964806,18.601667,,South Africa,JNB,-26.14,28.25,1380671100
121518,Delegate,South Africa,CPT,-33.964806,18.601667,,South Africa,JNB,-26.14,28.25,1380651000
57075,Ambassador,Qatar,DOH,25.261125,51.565056,,South Africa,JNB,-26.14,28.25,1380709200
129092,Delegate,France,CDG,49.012779,2.55,,South Africa,JNB,-26.14,28.25,1380714300
126774,Delegate,France,CDG,49.012779,2.55,,South Africa,JNB,-26.14,28.25,1380455400
158434,Delegate,United Kingdom,LHR,51.4775,-0.461389,1380661200,South Africa,JNB,-26.14,28.25,1380710700
141398,Delegate,Kenya,NBO,-1.319167,36.9275,,South Africa,JNB,-26.14,28.25,1380714600
157902,Delegate,United Kingdom,LHR,51.4775,-0.461389,1380661200,South Africa,JNB,-26.14,28.25,1380710700
128642,Delegate,Cote d'Ivoire,ABJ,5.261386,-3.926294,,South Africa,JNB,-26.14,28.25,1380702600
98665,Delegate,Egypt,CAI,30.121944,31.405556,,South Africa,JNB,-26.14,28.25,1380705300
18930,Ambassador,United Kingdom,LHR,51.4775,-0.461389,,South Africa,JNB,-26.14,28.25,1380791700
159828,Delegate,United Kingdom,LHR,51.4775,-0.461389,,South Africa,JNB,-26.14,28.25,1380705300
158176,Delegate,Germany,FRA,50.026421,8.543125,,South Africa,JNB,-26.14,28.25,1380624000
155134,Delegate,United Kingdom,LHR,51.4775,-0.461389,,South Africa,JNB,-26.14,28.25,1380625500
19453,Ambassador,South Africa,CPT,-33.964806,18.601667,,South Africa,JNB,-26.14,28.25,1380734100
160709,Delegate,Kenya,NBO,-1.319167,36.9275,,South Africa,JNB,-26.14,28.25,1380714600
158299,Delegate,United States,DTW,42.212444,-83.353389,,South Africa,JNB,-26.14,28.25,1380481200
150801,Delegate,United States,DTW,42.212444,-83.353389,,South Africa,JNB,-26.14,28.25,1380654000
155049,Delegate,United States,DTW,42.212444,-83.353389,,South Africa,JNB,-26.14,28.25,1380481200
158095,Delegate,China,ZHR,21.2144,110.358,,South Africa,JNB,-26.14,28.25,1380712500
78594,Delegate,United Arab Emirates,AUH,24.432972,54.651138,,South Africa,JNB,-26.14,28.25,1380695100
150934,Delegate,Germany,FRA,50.026421,8.543125,,South Africa,JNB,-26.14,28.25,1380619500
19285,Ambassador,Netherlands,AMS,52.308613,4.763889,,South Africa,JNB,-26.14,28.25,1380496500
154867,Delegate,Germany,FRA,50.026421,8.543125,,South Africa,JNB,-26.14,28.25,1380709800
157598,Delegate,France,CDG,49.012779,2.55,,South Africa,JNB,-26.14,28.25,1380455100
145534,Delegate,Turkey,IST,40.976922,28.814606,,South Africa,JNB,-26.14,28.25,1380714300
156344,Delegate,United Kingdom,LHR,51.4775,-0.461389,,South Africa,JNB,-26.14,28.25,1380448800
139241,Delegate,Nigeria,LOS,6.577369,3.321156,,South Africa,JNB,-26.14,28.25,1380697200
133140,Delegate,Nigeria,LOS,6.577369,3.321156,,South Africa,JNB,-26.14,28.25,1380700200
20229,Ambassador,Germany,FRA,50.026421,8.543125,,South Africa,JNB,-26.14,28.25,1380705900
19100,Ambassador,France,CDG,49.012779,2.55,,South Africa,JNB,-26.14,28.25,1380714600
158036,Delegate,United Kingdom,LHR,51.4775,-0.461389,,South Africa,JNB,-26.14,28.25,1380710700
21932,Delegate,Uganda,EBB,0.042386,32.443503,,South Africa,JNB,-26.14,28.25,1380717600
129241,Delegate,Iran,IKA,35.416111,51.152222,1380639900,South Africa,JNB,-26.14,28.25,1380709200
150552,Delegate,United Kingdom,LHR,51.4775,-0.461389,,South Africa,JNB,-26.14,28.25,1380617700
79949,Delegate,Cameroon,DLA,4.006081,9.719481,,South Africa,JNB,-26.14,28.25,1380698400
146567,Delegate,United Kingdom,LHR,51.4775,-0.461389,,South Africa,JNB,-26.14,28.25,1380711900
131080,Delegate,United States,DTW,42.212444,-83.353389,,South Africa,JNB,-26.14,28.25,1380649740
152376,Delegate,United Kingdom,LHR,51.4775,-0.461389,,South Africa,JNB,-26.14,28.25,1380445200
153144,Delegate,Jamaica,KIN,17.935667,-76.7875,1380551100,South Africa,JNB,-26.14,28.25,1380708900
126132,Delegate,Australia,SYD,-33.946111,151.177222,,South Africa,JNB,-26.14,28.25,1380608100
115750,Delegate,Cote d'Ivoire,ABJ,5.261386,-3.926294,,South Africa,JNB,-26.14,28.25,1380702600
149804,Delegate,United States,DTW,42.212444,-83.353389,,South Africa,JNB,-26.14,28.25,1380394800
69099,Delegate,United Arab Emirates,DXB,25.252778,55.364444,,South Africa,JNB,-26.14,28.25,1380671100
141357,Delegate,United States,JFK,40.639751,-73.778925,,South Africa,JNB,-26.14,28.25,1380708900
125785,Delegate,Botswana,GBE,-24.555225,25.918208,,South Africa,JNB,-26.14,28.25,1380724200
161163,Delegate,Switzerland,ZRH,47.464722,8.549167,,South Africa,JNB,-26.14,28.25,1380712500
123744,Delegate,Rwanda,KGL,-1.968628,30.13945,,South Africa,JNB,-26.14,28.25,1380672000
107691,Delegate,Ghana,ACC,5.605186,-0.166786,1380666600,South Africa,JNB,-26.14,28.25,1380702300
160883,Delegate,United Kingdom,LHR,51.4775,-0.461389,,South Africa,JNB,-26.14,28.25,1380621900
148936,Delegate,Trinidad and Tobago,POS,10.595369,-61.337242,1380548400,South Africa,JNB,-26.14,28.25,1380705300
112685,Delegate,Senegal,DKR,14.739708,-17.490225,,South Africa,JNB,-26.14,28.25,1380702300
158323,Delegate,United States,DTW,42.212444,-83.353389,,South Africa,JNB,-26.14,28.25,1380351600
19460,Ambassador,France,CDG,49.012779,2.55,,South Africa,JNB,-26.14,28.25,1380714600
26929,Ambassador,United States,DTW,42.212444,-83.353389,,South Africa,JNB,-26.14,28.25,1380654000
96422,Delegate,Nigeria,LOS,6.577369,3.321156,,South Africa,JNB,-26.14,28.25,1380697500
158157,Delegate,United Kingdom,LHR,51.4775,-0.461389,,South Africa,JNB,-26.14,28.25,1380705300
162495,Delegate,India,BOM,19.088686,72.867919,,South Africa,JNB,-26.14,28.25,1380706200
120549,Delegate,Senegal,DKR,14.739708,-17.490225,,South Africa,JNB,-26.14,28.25,1380654900
18508,Delegate,Ghana,ACC,5.605186,-0.166786,1380666600,South Africa,JNB,-26.14,28.25,1380702300
160695,Delegate,France,CDG,49.012779,2.55,,South Africa,JNB,-26.14,28.25,1380714600
159686,Delegate,United Kingdom,LHR,51.4775,-0.461389,,South Africa,JNB,-26.14,28.25,1380704400
161986,Delegate,Uganda,EBB,0.042386,32.443503,,South Africa,JNB,-26.14,28.25,1380717600
153338,Delegate,Brazil,GRU,-23.432075,-46.469511,1380639600,South Africa,JNB,-26.14,28.25,1380707400
162520,Delegate,United States,PIT,40.491467,-80.232872,1380360480,South Africa,JNB,-26.14,28.25,1380482100
148413,Delegate,Swaziland,MTS,-26.529022,31.307519,,South Africa,JNB,-26.14,28.25,1380711600
162611,Delegate,Austria,VIE,48.110278,16.569722,1380656100,South Africa,JNB,-26.14,28.25,1380710400
124626,Delegate,Tonga,TBU,-21.241214,-175.149644,1380642300,South Africa,JNB,-26.14,28.25,1380701400
160966,Delegate,United States,PIT,40.491467,-80.232872,1380360480,South Africa,JNB,-26.14,28.25,1380482100
162303,Delegate,United States,DTW,42.212444,-83.353389,,South Africa,JNB,-26.14,28.25,1380654000
162483,Delegate,Senegal,DKR,14.739708,-17.490225,,South Africa,JNB,-26.14,28.25,1380482100
161956,Delegate,Australia,BNE,-27.384167,153.1175,1380645600,South Africa,JNB,-26.14,28.25,1380651300
142019,Delegate,Kenya,NBO,-1.319167,36.9275,,South Africa,JNB,-26.14,28.25,1380714600
159253,Delegate,United Kingdom,LHR,51.4775,-0.461389,,South Africa,JNB,-26.14,28.25,1380618900
160160,Delegate,United Arab Emirates,AUH,24.432972,54.651138,,South Africa,JNB,-26.14,28.25,1380650400
158461,Delegate,Qatar,DOH,25.261125,51.565056,,South Africa,JNB,-26.14,28.25,1380709200
159343,Delegate,Netherlands,AMS,52.308613,4.763889,,South Africa,JNB,-26.14,28.25,1380669300
116879,Delegate,Ethiopia,ADD,8.977889,38.799319,,South Africa,JNB,-26.14,28.25,1380727200
91544,Delegate,Ethiopia,ADD,8.977889,38.799319,,South Africa,JNB,-26.14,28.25,1380727200
41986,Delegate,Kenya,NBO,-1.319167,36.9275,,South Africa,JNB,-26.14,28.25,1380714600
97942,Delegate,Australia,SYD,-33.946111,151.177222,,South Africa,JNB,-26.14,28.25,1380651300
159490,Delegate,United Arab Emirates,AUH,24.432972,54.651138,,South Africa,JNB,-26.14,28.25,1380650400
146385,Delegate,United Kingdom,LHR,51.4775,-0.461389,,South Africa,JNB,-26.14,28.25,1380710700
156976,Delegate,United Kingdom,LHR,51.4775,-0.461389,1380661200,South Africa,JNB,-26.14,28.25,1380710700
149172,Delegate,Brazil,GRU,-23.432075,-46.469511,,South Africa,JNB,-26.14,28.25,1380707400
144253,Delegate,United Kingdom,LHR,51.4775,-0.461389,,South Africa,JNB,-26.14,28.25,1380712500
22393,Delegate,Equatorial Guinea,SSG,3.755267,8.708717,1380548700,South Africa,JNB,-26.14,28.25,1380640800
159614,Delegate,United Arab Emirates,AUH,24.432972,54.651138,,South Africa,JNB,-26.14,28.25,1380650100
97467,Delegate,United Kingdom,LHR,51.4775,-0.461389,,South Africa,JNB,-26.14,28.25,1380797100
139517,Delegate,United Kingdom,LHR,51.4775,-0.461389,,South Africa,JNB,-26.14,28.25,1380617700
163791,Delegate,United States,PIT,40.491467,-80.232872,1380549000,South Africa,JNB,-26.14,28.25,1380714600
165426,Delegate,Ethiopia,ADD,8.977889,38.799319,1380628200,South Africa,JNB,-26.14,28.25,1380640800
161045,Delegate,United Kingdom,LHR,51.4775,-0.461389,,South Africa,JNB,-26.14,28.25,1380537900
107574,Delegate,Cote d'Ivoire,ABJ,5.261386,-3.926294,,South Africa,JNB,-26.14,28.25,1380702300
52711,Delegate,Switzerland,ZRH,47.464722,8.549167,,South Africa,JNB,-26.14,28.25,1380625800
141243,Delegate,United States,JFK,40.639751,-73.778925,,South Africa,JNB,-26.14,28.25,1380623100
146314,Delegate,Netherlands,AMS,52.308613,4.763889,,South Africa,JNB,-26.14,28.25,1380669300
165592,Delegate,United States,BWI,39.175361,-76.668333,1380558600,South Africa,JNB,-26.14,28.25,1380705300
163653,Delegate,United Kingdom,LHR,51.4775,-0.461389,,South Africa,JNB,-26.14,28.25,1380704100
165443,Delegate,Guyana,GEO,6.498553,-58.254119,1380482400,South Africa,JNB,-26.14,28.25,1380623100
93812,Delegate,France,CDG,49.012779,2.55,,South Africa,JNB,-26.14,28.25,1380715200
164432,Delegate,United Arab Emirates,AUH,24.432972,54.651138,,South Africa,JNB,-26.14,28.25,1380694500
61642,Ambassador,United Kingdom,LHR,51.4775,-0.461389,,South Africa,JNB,-26.14,28.25,1380537900
165503,Delegate,Ghana,ACC,5.605186,-0.166786,,South Africa,JNB,-26.14,28.25,1380615900
159145,Delegate,Qatar,DOH,25.261125,51.565056,,South Africa,JNB,-26.14,28.25,1380709200
165400,Delegate,Ghana,ACC,5.605186,-0.166786,1380666600,South Africa,JNB,-26.14,28.25,1380702300
165843,Delegate,South Africa,CPT,-33.964806,18.601667,,South Africa,JNB,-26.14,28.25,1380667800
165455,Delegate,Nigeria,LOS,6.577369,3.321156,,South Africa,JNB,-26.14,28.25,1380611100
165928,Delegate,Cambodia,PNH,11.546556,104.844139,1380666000,South Africa,JNB,-26.14,28.25,1380709200
165054,Delegate,Singapore,SIN,1.350189,103.994433,,South Africa,JNB,-26.14,28.25,1380615000
165855,Delegate,Brazil,GRU,-23.432075,-46.469511,,South Africa,JNB,-26.14,28.25,1380707400
163666,Delegate,United Arab Emirates,DXB,25.252778,55.364444,,South Africa,JNB,-26.14,28.25,1380494700
159974,Delegate,United Arab Emirates,DXB,25.252778,55.364444,,South Africa,JNB,-26.14,28.25,1380718200
146324,Delegate,Nicaragua,MGA,12.141494,-86.168178,1380530040,South Africa,JNB,-26.14,28.25,1380707400
165955,Delegate,Saudi Arabia,RUH,24.95764,46.698776,1380610800,South Africa,JNB,-26.14,28.25,1380650100
165134,Delegate,United Arab Emirates,AUH,24.432972,54.651138,,South Africa,JNB,-26.14,28.25,1380695400
165519,Delegate,South Africa,DUR,-29.970089,30.950519,,South Africa,JNB,-26.14,28.25,1380704400
164644,Delegate,Iraq,EBL,36.237611,43.963158,,South Africa,JNB,-26.14,28.25,1380695100
166080,Delegate,United Kingdom,LHR,51.4775,-0.461389,,South Africa,JNB,-26.14,28.25,1380621900
165325,Delegate,Germany,MUC,48.353783,11.786086,,South Africa,JNB,-26.14,28.25,1380709800
165615,Delegate,Nigeria,LOS,6.577369,3.321156,,South Africa,JNB,-26.14,28.25,1380610800
165826,Delegate,Malawi,LLW,-13.789378,33.781,1380640500,South Africa,JNB,-26.14,28.25,1380649500
49528,Ambassador,Kenya,NBO,-1.319167,36.9275,,South Africa,JNB,-26.14,28.25,1380714600
163645,Delegate,South Africa,DUR,-29.970089,30.950519,,South Africa,JNB,-26.14,28.25,1380669300
163757,Delegate,Argentina,EZE,-34.822222,-58.535833,,South Africa,JNB,-26.14,28.25,1380535800
164501,Delegate,United Arab Emirates,AUH,24.432972,54.651138,,South Africa,JNB,-26.14,28.25,1380695100
166320,Delegate,United Kingdom,LHR,51.4775,-0.461389,,South Africa,JNB,-26.14,28.25,1380625200
159480,Delegate,United States,DTW,42.212444,-83.353389,,South Africa,JNB,-26.14,28.25,1380481200
165295,Delegate,Azerbaijan,GYD,40.4675,50.046667,1380666000,South Africa,JNB,-26.14,28.25,1380709200
133825,Delegate,Rwanda,KGL,-1.968628,30.13945,,South Africa,JNB,-26.14,28.25,1380672000
164448,Delegate,United Arab Emirates,AUH,24.432972,54.651138,,South Africa,JNB,-26.14,28.25,1380695100
119592,Delegate,South Africa,CPT,-33.964806,18.601667,,South Africa,JNB,-26.14,28.25,1380651300
164056,Delegate,South Africa,DUR,-29.970089,30.950519,,South Africa,JNB,-26.14,28.25,1380630000
161826,Delegate,Hong Kong,HKG,22.308919,113.914603,,South Africa,JNB,-26.14,28.25,1380616200
164201,Delegate,United States,DTW,42.212444,-83.353389,,South Africa,JNB,-26.14,28.25,1380654000
161590,Delegate,Hong Kong,HKG,22.308919,113.914603,,South Africa,JNB,-26.14,28.25,1380615900
18964,Ambassador,United Arab Emirates,AUH,24.432972,54.651138,,South Africa,JNB,-26.14,28.25,1380627000
163342,Delegate,United Arab Emirates,DXB,25.252778,55.364444,,South Africa,JNB,-26.14,28.25,1380718200
165465,Delegate,United Kingdom,LHR,51.4775,-0.461389,,South Africa,JNB,-26.14,28.25,1380625200
166821,Delegate,India,BOM,19.088686,72.867919,,South Africa,JNB,-26.14,28.25,1380618900
161906,Delegate,United Kingdom,LHR,51.4775,-0.461389,,South Africa,JNB,-26.14,28.25,1380624300
18048,Ambassador,Malawi,LLW,-13.789378,33.781,,South Africa,JNB,-26.14,28.25,1380656700
128272,Delegate,United Kingdom,LHR,51.4775,-0.461389,,South Africa,JNB,-26.14,28.25,1380625200
164818,Delegate,India,BOM,19.088686,72.867919,,South Africa,JNB,-26.14,28.25,1380618900
167175,Delegate,Netherlands,AMS,52.308613,4.763889,,South Africa,JNB,-26.14,28.25,1380669300
166210,Delegate,Kenya,NBO,-1.319167,36.9275,,South Africa,JNB,-26.14,28.25,1380699000
167001,Delegate,United States,DTW,42.212444,-83.353389,,South Africa,JNB,-26.14,28.25,1380654000
160593,Delegate,Hong Kong,HKG,22.308919,113.914603,,South Africa,JNB,-26.14,28.25,1380702600
161613,Delegate,Hong Kong,HKG,22.308919,113.914603,,South Africa,JNB,-26.14,28.25,1380702300
21246,Delegate,United Arab Emirates,AUH,24.432972,54.651138,,South Africa,JNB,-26.14,28.25,1380435900
165392,Delegate,United States,DTW,42.212444,-83.353389,,South Africa,JNB,-26.14,28.25,1380481200
161257,Delegate,Hong Kong,HKG,22.308919,113.914603,,South Africa,JNB,-26.14,28.25,1380789000
161265,Delegate,Hong Kong,HKG,22.308919,113.914603,,South Africa,JNB,-26.14,28.25,1380702300
162337,Delegate,Hong Kong,HKG,22.308919,113.914603,,South Africa,JNB,-26.14,28.25,1380702300
166894,Delegate,Kenya,NBO,-1.319167,36.9275,,South Africa,JNB,-26.14,28.25,1380714300
167614,Delegate,United Kingdom,LHR,51.4775,-0.461389,,South Africa,JNB,-26.14,28.25,1380704400
162639,Delegate,Egypt,CAI,30.121944,31.405556,,South Africa,JNB,-26.14,28.25,1380705300
83686,Delegate,Zambia,LUN,-15.330817,28.452628,,South Africa,JNB,-26.14,28.25,1380712800
168278,Delegate,Hong Kong,HKG,22.308919,113.914603,,South Africa,JNB,-26.14,28.25,1380702300
162400,Delegate,Hong Kong,HKG,22.308919,113.914603,,South Africa,JNB,-26.14,28.25,1380702300
163619,Delegate,South Africa,CPT,-33.964806,18.601667,,South Africa,JNB,-26.14,28.25,1380664200
165833,Delegate,Zimbabwe,HRE,-17.931806,31.092847,,South Africa,JNB,-26.14,28.25,1380626100
163265,Delegate,United Arab Emirates,AUH,24.432972,54.651138,,South Africa,JNB,-26.14,28.25,1380650100
147304,Delegate,United Kingdom,LHR,51.4775,-0.461389,,South Africa,JNB,-26.14,28.25,1380617700
157516,Delegate,India,BOM,19.088686,72.867919,,South Africa,JNB,-26.14,28.25,1380705900
141058,Delegate,Brazil,GRU,-23.432075,-46.469511,,South Africa,JNB,-26.14,28.25,1380621000
168204,Delegate,Australia,SYD,-33.946111,151.177222,,South Africa,JNB,-26.14,28.25,1380651300
164983,Delegate,Uganda,EBB,0.042386,32.443503,,South Africa,JNB,-26.14,28.25,1380717600
167273,Delegate,United Arab Emirates,DXB,25.252778,55.364444,,South Africa,JNB,-26.14,28.25,1380718200
132707,Delegate,United Kingdom,LHR,51.4775,-0.461389,,South Africa,JNB,-26.14,28.25,1380712500
147037,Delegate,United Kingdom,LHR,51.4775,-0.461389,,South Africa,JNB,-26.14,28.25,1380704100
162851,Delegate,Hong Kong,HKG,22.308919,113.914603,,South Africa,JNB,-26.14,28.25,1380702300
164879,Delegate,United States,DTW,42.212444,-83.353389,,South Africa,JNB,-26.14,28.25,1380567600
168161,Delegate,United Kingdom,LHR,51.4775,-0.461389,,South Africa,JNB,-26.14,28.25,1380711600
166446,Delegate,Netherlands,AMS,52.308613,4.763889,,South Africa,JNB,-26.14,28.25,1380669300
161287,Candidate,United Kingdom,LHR,51.4775,-0.461389,,South Africa,JNB,-26.14,28.25,1380711900
56727,Ambassador,Netherlands,AMS,52.308613,4.763889,,South Africa,JNB,-26.14,28.25,1380669300
163994,Delegate,Egypt,CAI,30.121944,31.405556,,South Africa,JNB,-26.14,28.25,1380705300
167058,Delegate,Netherlands,AMS,52.308613,4.763889,,South Africa,JNB,-26.14,28.25,1380669300
18121,Ambassador,Senegal,DKR,14.739708,-17.490225,,South Africa,JNB,-26.14,28.25,1380482100
167203,Delegate,United States,DTW,42.212444,-83.353389,,South Africa,JNB,-26.14,28.25,1380654000
150110,Delegate,United Kingdom,LHR,51.4775,-0.461389,,South Africa,JNB,-26.14,28.25,1380710700
142343,Delegate,Kenya,NBO,-1.319167,36.9275,,South Africa,JNB,-26.14,28.25,1380714600
168916,Delegate,United Kingdom,LHR,51.4775,-0.461389,,South Africa,JNB,-26.14,28.25,1380621900
92170,Delegate,France,CDG,49.012779,2.55,,South Africa,JNB,-26.14,28.25,1380714600
55676,Ambassador,United Kingdom,LHR,51.4775,-0.461389,,South Africa,JNB,-26.14,28.25,1380711600
146796,Delegate,Australia,SYD,-33.946111,151.177222,,South Africa,JNB,-26.14,28.25,1380651300
163805,Delegate,Hong Kong,HKG,22.308919,113.914603,,South Africa,JNB,-26.14,28.25,1380529800
168375,Delegate,Hong Kong,HKG,22.308919,113.914603,,South Africa,JNB,-26.14,28.25,1380702600
168233,Delegate,United Arab Emirates,DXB,25.252778,55.364444,,South Africa,JNB,-26.14,28.25,1380651900