31700,Ambassador,South Africa,JNB,-26.139166,28.246,1381089600,Senegal,DKR,14.739708,-17.490225,
98672,Delegate,South Africa,JNB,-26.139166,28.246,1381248600,United Arab Emirates,DXB,25.252778,55.364444,
98520,Delegate,South Africa,JNB,-26.139166,28.246,1381271400,United Arab Emirates,AUH,24.432972,54.651138,
78052,Delegate,South Africa,JNB,-26.139166,28.246,1381094100,France,CDG,49.012779,2.55,
83200,Delegate,South Africa,JNB,-26.139166,28.246,1381089600,Senegal,DKR,14.739708,-17.490225,
91752,Delegate,South Africa,JNB,-26.139166,28.246,1381616700,United Kingdom,LHR,51.4775,-0.461389,
99507,Delegate,South Africa,JNB,-26.139166,28.246,1381162200,United Arab Emirates,DXB,25.252778,55.364444,
124836,Delegate,South Africa,JNB,-26.139166,28.246,1381076400,Ethiopia,ADD,8.977889,38.799319,
98970,Delegate,South Africa,JNB,-26.139166,28.246,1381099500,United Kingdom,LHR,51.4775,-0.461389,
97034,Delegate,South Africa,JNB,-26.139166,28.246,1381074300,Singapore,SIN,1.350189,103.994433,
20856,Delegate,South Africa,JNB,-26.139166,28.246,1381065600,India,BOM,19.088686,72.867919,
91100,Delegate,South Africa,JNB,-26.139166,28.246,1381104300,Australia,PER,-31.940278,115.966944,
69882,Delegate,South Africa,JNB,-26.139166,28.246,1381074000,Thailand,BKK,13.681108,100.747283,
84186,Delegate,South Africa,JNB,-26.139166,28.246,1381094400,United Kingdom,LHR,51.4775,-0.461389,
99090,Delegate,South Africa,JNB,-26.139166,28.246,1381085700,Ghana,ACC,5.605186,-0.166786,
22129,Ambassador,South Africa,JNB,-26.139166,28.246,1381104300,Australia,PER,-31.940278,115.966944,
99832,Delegate,South Africa,JNB,-26.139166,28.246,1381094100,France,CDG,49.012779,2.55,
18995,Ambassador,South Africa,JNB,-26.139166,28.246,1381113600,Kenya,NBO,-1.319167,36.9275,
132746,Delegate,South Africa,JNB,-26.139166,28.246,1381180800,United Kingdom,LHR,51.4775,-0.461389,
18129,Delegate,South Africa,JNB,-26.139166,28.246,1381027200,Kenya,NBO,-1.319167,36.9275,
124067,Delegate,South Africa,JNB,-26.139166,28.246,1381099500,United Kingdom,LHR,51.4775,-0.461389,
93615,Delegate,South Africa,JNB,-26.139166,28.246,1381073700,Mauritius,MRU,-20.430235,57.6836,
99947,Delegate,South Africa,JNB,-26.139166,28.246,1381094400,United Kingdom,LHR,51.4775,-0.461389,
113416,Delegate,South Africa,JNB,-26.139166,28.246,1381094100,United Arab Emirates,DXB,25.252778,55.364444,
81565,Delegate,South Africa,JNB,-26.139166,28.246,1381094400,United Kingdom,LHR,51.4775,-0.461389,
119431,Delegate,South Africa,JNB,-26.139166,28.246,1381105200,United Arab Emirates,DXB,25.252778,55.364444,
31524,Delegate,South Africa,JNB,-26.139166,28.246,1381093500,Germany,FRA,50.026421,8.543125,
124944,Delegate,South Africa,JNB,-26.139166,28.246,1381063200,Brazil,GRU,-23.432075,-46.469511,
19542,Ambassador,South Africa,JNB,-26.139166,28.246,1381076400,Ethiopia,ADD,8.977889,38.799319,
78176,Delegate,South Africa,JNB,-26.139166,28.246,1381058700,United Arab Emirates,AUH,24.432972,54.651138,
22240,Delegate,South Africa,JNB,-26.139166,28.246,1381074300,Singapore,SIN,1.350189,103.994433,
94010,Delegate,South Africa,JNB,-26.139166,28.246,1381098900,United States,JFK,40.639751,-73.778925,
99457,Delegate,South Africa,JNB,-26.139166,28.246,1381094400,United Kingdom,LHR,51.4775,-0.461389,
98822,Delegate,South Africa,JNB,-26.139166,28.246,1381094100,France,CDG,49.012779,2.55,
95488,Delegate,South Africa,JNB,-26.139166,28.246,1381318800,Argentina,EZE,-34.822222,-58.535833,
94068,Delegate,South Africa,JNB,-26.139166,28.246,1381113600,Kenya,NBO,-1.319167,36.9275,
127090,Delegate,South Africa,JNB,-26.139166,28.246,1381616100,United Kingdom,LHR,51.4775,-0.461389,
19797,Delegate,South Africa,JNB,-26.139166,28.246,1381066500,Burundi,BJM,-3.324019,29.318519,
100918,Delegate,South Africa,JNB,-26.139166,28.246,1381094100,France,CDG,49.012779,2.55,
112417,Delegate,South Africa,JNB,-26.139166,28.246,1381094100,United Arab Emirates,DXB,25.252778,55.364444,
110491,Delegate,South Africa,JNB,-26.139166,28.246,1381105200,United Arab Emirates,DXB,25.252778,55.364444,
22827,Delegate,South Africa,JNB,-26.139166,28.246,1381027200,Senegal,DKR,14.739708,-17.490225,
20642,Delegate,South Africa,JNB,-26.139166,28.246,1381104000,United Kingdom,LHR,51.4775,-0.461389,
73347,Delegate,South Africa,JNB,-26.139166,28.246,1381075800,United Arab Emirates,DXB,25.252778,55.364444,
91682,Delegate,South Africa,JNB,-26.139166,28.246,1381077300,Qatar,DOH,25.261125,51.565056,
78913,Delegate,South Africa,JNB,-26.139166,28.246,1381024800,Senegal,DKR,14.739708,-17.490225,
92305,Delegate,South Africa,JNB,-26.139166,28.246,1381098300,United Kingdom,LHR,51.4775,-0.461389,
132300,Delegate,South Africa,JNB,-26.139166,28.246,1381247100,Singapore,SIN,1.350189,103.994433,
72803,Delegate,South Africa,JNB,-26.139166,28.246,1381063200,Brazil,GRU,-23.432075,-46.469511,
95636,Delegate,South Africa,JNB,-26.139166,28.246,1381108500,Netherlands,AMS,52.308613,4.763889,
122798,Delegate,South Africa,JNB,-26.139166,28.246,1381095000,Switzerland,ZRH,47.464722,8.549167,
94753,Delegate,South Africa,JNB,-26.139166,28.246,1381185900,United Kingdom,LHR,51.4775,-0.461389,
92143,Delegate,South Africa,JNB,-26.139166,28.246,1381095000,Switzerland,ZRH,47.464722,8.549167,
85437,Delegate,South Africa,JNB,-26.139166,28.246,1381098300,United Kingdom,LHR,51.4775,-0.461389,
130820,Delegate,South Africa,JNB,-26.139166,28.246,1382303700,United Arab Emirates,DXB,25.252778,55.364444,
133850,Delegate,South Africa,JNB,-26.139166,28.246,1381063200,Brazil,GRU,-23.432075,-46.469511,
72277,Delegate,South Africa,JNB,-26.139166,28.246,1384529700,Singapore,SIN,1.350189,103.994433,
97438,Delegate,South Africa,JNB,-26.139166,28.246,1381092300,Turkey,IST,40.976922,28.814606,
74171,Delegate,South Africa,JNB,-26.139166,28.246,1381024800,Kenya,NBO,-1.319167,36.9275,
132570,Delegate,South Africa,JNB,-26.139166,28.246,1381185900,United Kingdom,LHR,51.4775,-0.461389,
20497,Delegate,South Africa,JNB,-26.139166,28.246,1381089600,Senegal,DKR,14.739708,-17.490225,
96108,Delegate,South Africa,JNB,-26.139166,28.246,1381075800,United Arab Emirates,DXB,25.252778,55.364444,
56144,Ambassador,South Africa,JNB,-26.139166,28.246,1381185900,United Kingdom,LHR,51.4775,-0.461389,
92153,Delegate,South Africa,JNB,-26.139166,28.246,1381094400,United Kingdom,LHR,51.4775,-0.461389,
119013,Delegate,South Africa,JNB,-26.139166,28.246,1381098300,United Kingdom,LHR,51.4775,-0.461389,
79165,Delegate,South Africa,JNB,-26.139166,28.246,1381089600,Senegal,DKR,14.739708,-17.490225,
121239,Delegate,South Africa,JNB,-26.139166,28.246,1381098000,United Kingdom,LHR,51.4775,-0.461389,
127100,Delegate,South Africa,JNB,-26.139166,28.246,1381098900,United States,JFK,40.639751,-73.778925,
85410,Delegate,South Africa,JNB,-26.139166,28.246,1381024800,Senegal,DKR,14.739708,-17.490225,
84854,Delegate,South Africa,JNB,-26.139166,28.246,1381104000,United Kingdom,LHR,51.4775,-0.461389,
18837,Ambassador,South Africa,JNB,-26.139166,28.246,1381095000,Switzerland,ZRH,47.464722,8.549167,
86123,Delegate,South Africa,JNB,-26.139166,28.246,1381057200,South Africa,MQP,-25.3832,31.1056,
54903,Ambassador,South Africa,JNB,-26.139166,28.246,1381699200,United Kingdom,LHR,51.4775,-0.461389,
99226,Delegate,South Africa,JNB,-26.139166,28.246,1381094100,France,CDG,49.012779,2.55,
94083,Delegate,South Africa,JNB,-26.139166,28.246,1381105200,United Arab Emirates,DXB,25.252778,55.364444,
115598,Delegate,South Africa,JNB,-26.139166,28.246,1381108500,Netherlands,AMS,52.308613,4.763889,
132716,Delegate,South Africa,JNB,-26.139166,28.246,1381180800,United Kingdom,LHR,51.4775,-0.461389,
129701,Delegate,South Africa,JNB,-26.139166,28.246,1381097100,United Kingdom,LHR,51.4775,-0.461389,
22238,Delegate,South Africa,JNB,-26.139166,28.246,1381094400,United Kingdom,LHR,51.4775,-0.461389,
72643,Delegate,South Africa,JNB,-26.139166,28.246,1381105200,United Arab Emirates,DXB,25.252778,55.364444,
89619,Delegate,South Africa,JNB,-26.139166,28.246,1381094100,United Arab Emirates,DXB,25.252778,55.364444,
130404,Delegate,South Africa,JNB,-26.139166,28.246,1381704300,United Kingdom,LHR,51.4775,-0.461389,
131984,Delegate,South Africa,JNB,-26.139166,28.246,1382827500,United Kingdom,LHR,51.4775,-0.461389,
132671,Delegate,South Africa,JNB,-26.139166,28.246,1381872000,United Kingdom,LHR,51.4775,-0.461389,
79217,Delegate,South Africa,JNB,-26.139166,28.246,1381098900,United States,JFK,40.639751,-73.778925,
127124,Delegate,South Africa,JNB,-26.139166,28.246,1381089600,Senegal,DKR,14.739708,-17.490225,
131041,Delegate,South Africa,JNB,-26.139166,28.246,1381097100,United Kingdom,LHR,51.4775,-0.461389,
96523,Delegate,South Africa,JNB,-26.139166,28.246,1381060800,Madagascar,TNR,-18.79695,47.478806,
130344,Delegate,South Africa,JNB,-26.139166,28.246,1381699200,United Kingdom,LHR,51.4775,-0.461389,
131789,Delegate,South Africa,JNB,-26.139166,28.246,1382049900,United Kingdom,LHR,51.4775,-0.461389,
135934,Delegate,South Africa,JNB,-26.139166,28.246,1381105200,United Arab Emirates,DXB,25.252778,55.364444,
131304,Delegate,South Africa,JNB,-26.139166,28.246,1381161600,Nigeria,LOS,6.577369,3.321156,
133500,Delegate,South Africa,JNB,-26.139166,28.246,1381094400,United Kingdom,LHR,51.4775,-0.461389,
96197,Delegate,South Africa,JNB,-26.139166,28.246,1381075800,United Arab Emirates,DXB,25.252778,55.364444,
135488,Delegate,South Africa,JNB,-26.139166,28.246,1381108500,Netherlands,AMS,52.308613,4.763889,
139294,Delegate,South Africa,JNB,-26.139166,28.246,1381163700,Qatar,DOH,25.261125,51.565056,
139390,Delegate,South Africa,JNB,-26.139166,28.246,1381275600,Qatar,DOH,25.261125,51.565056,
96248,Delegate,South Africa,JNB,-26.139166,28.246,1381094400,United Kingdom,LHR,51.4775,-0.461389,
92259,Delegate,South Africa,JNB,-26.139166,28.246,1381855200,Gabon,LBV,0.4586,9.412283,
31632,Ambassador,South Africa,JNB,-26.139166,28.246,1381094400,United Kingdom,LHR,51.4775,-0.461389,
139718,Delegate,South Africa,JNB,-26.139166,28.246,1381095000,Germany,FRA,50.026421,8.543125,
36815,Delegate,South Africa,JNB,-26.139166,28.246,1381089600,Senegal,DKR,14.739708,-17.490225,
139454,Delegate,South Africa,JNB,-26.139166,28.246,1381267800,Germany,FRA,50.026421,8.543125,
136375,Delegate,South Africa,JNB,-26.139166,28.246,1381058100,South Africa,DUR,-29.970089,30.950519,
131854,Delegate,South Africa,JNB,-26.139166,28.246,1381094400,United Kingdom,LHR,51.4775,-0.461389,
139408,Delegate,South Africa,JNB,-26.139166,28.246,1381263000,Brazil,GRU,-23.432075,-46.469511,
138228,Delegate,South Africa,JNB,-26.139166,28.246,1381075200,Nigeria,LOS,6.577369,3.321156,
145004,Delegate,South Africa,JNB,-26.139166,28.246,1381075800,United Arab Emirates,DXB,25.252778,55.364444,
144178,Delegate,South Africa,JNB,-26.139166,28.246,1381077300,Qatar,DOH,25.261125,51.565056,
143613,Delegate,South Africa,JNB,-26.139166,28.246,1381147500,South Africa,CPT,-33.964806,18.601667,
145387,Delegate,South Africa,JNB,-26.139166,28.246,1381050000,South Africa,CPT,-33.964806,18.601667,
69451,Delegate,South Africa,JNB,-26.139166,28.246,1381248600,United Arab Emirates,DXB,25.252778,55.364444,
130366,Delegate,South Africa,JNB,-26.139166,28.246,1381180800,United Kingdom,LHR,51.4775,-0.461389,
132779,Delegate,South Africa,JNB,-26.139166,28.246,1381094400,Congo (Kinshasa),FIH,-4.38575,15.444569,
144294,Delegate,South Africa,JNB,-26.139166,28.246,1381093500,Germany,FRA,50.026421,8.543125,
145878,Delegate,South Africa,JNB,-26.139166,28.246,1381092300,Turkey,IST,40.976922,28.814606,
95385,Delegate,South Africa,JNB,-26.139166,28.246,1381094400,United Kingdom,LHR,51.4775,-0.461389,
145147,Delegate,South Africa,JNB,-26.139166,28.246,1381050000,South Africa,CPT,-33.964806,18.601667,
145968,Delegate,South Africa,JNB,-26.139166,28.246,1381092300,Turkey,IST,40.976922,28.814606,
146263,Delegate,South Africa,JNB,-26.139166,28.246,1381094400,United Kingdom,LHR,51.4775,-0.461389,
96694,Delegate,South Africa,JNB,-26.139166,28.246,1381098900,United States,JFK,40.639751,-73.778925,
136436,Delegate,South Africa,JNB,-26.139166,28.246,1381050000,South Africa,CPT,-33.964806,18.601667,
136988,Delegate,South Africa,JNB,-26.139166,28.246,1381089600,Senegal,DKR,14.739708,-17.490225,
145738,Delegate,South Africa,JNB,-26.139166,28.246,1381437900,Turkey,IST,40.976922,28.814606,
145987,Delegate,South Africa,JNB,-26.139166,28.246,1381085100,Turkey,IST,40.976922,28.814606,
145807,Delegate,South Africa,JNB,-26.139166,28.246,1381092300,Turkey,IST,40.976922,28.814606,
144852,Delegate,South Africa,JNB,-26.139166,28.246,1381058700,United Arab Emirates,AUH,24.432972,54.651138,
141292,Delegate,South Africa,JNB,-26.139166,28.246,1381790100,United States,JFK,40.639751,-73.778925,
129383,Delegate,South Africa,JNB,-26.139166,28.246,1381103100,Egypt,CAI,30.121944,31.405556,
74870,Delegate,South Africa,JNB,-26.139166,28.246,1381092300,Turkey,IST,40.976922,28.814606,
29650,Delegate,South Africa,JNB,-26.139166,28.246,1381085700,Hong Kong,HKG,22.308919,113.914603,
134126,Delegate,South Africa,JNB,-26.139166,28.246,1381322400,Brazil,GRU,-23.432075,-46.469511,
143765,Delegate,South Africa,JNB,-26.139166,28.246,1381069800,Hong Kong,HKG,22.308919,113.914603,
133615,Delegate,South Africa,JNB,-26.139166,28.246,1381092300,Turkey,IST,40.976922,28.814606,
135837,Delegate,South Africa,JNB,-26.139166,28.246,1381075800,United Arab Emirates,DXB,25.252778,55.364444,
146156,Delegate,South Africa,JNB,-26.139166,28.246,1381092300,Turkey,IST,40.976922,28.814606,
98744,Delegate,South Africa,JNB,-26.139166,28.246,1381097100,United Kingdom,LHR,51.4775,-0.461389,
145568,Delegate,South Africa,JNB,-26.139166,28.246,1381058700,United Arab Emirates,AUH,24.432972,54.651138,
142674,Delegate,South Africa,JNB,-26.139166,28.246,1381180500,France,CDG,49.012779,2.55,
140969,Delegate,South Africa,JNB,-26.139166,28.246,1381098000,United Kingdom,LHR,51.4775,-0.461389,
36718,Ambassador,South Africa,JNB,-26.139166,28.246,1381095000,Germany,FRA,50.026421,8.543125,
137563,Delegate,South Africa,JNB,-26.139166,28.246,1381068000,United Arab Emirates,DXB,25.252778,55.364444,
144498,Delegate,South Africa,JNB,-26.139166,28.246,1381092300,Turkey,IST,40.976922,28.814606,
132193,Delegate,South Africa,JNB,-26.139166,28.246,1381094100,United Kingdom,LHR,51.4775,-0.461389,
116539,Delegate,South Africa,JNB,-26.139166,28.246,1381108500,Netherlands,AMS,52.308613,4.763889,
69935,Delegate,South Africa,JNB,-26.139166,28.246,1381094400,United Kingdom,LHR,51.4775,-0.461389,
124824,Delegate,South Africa,JNB,-26.139166,28.246,1381144200,South Africa,CPT,-33.964806,18.601667,
129764,Delegate,South Africa,JNB,-26.139166,28.246,1381097100,United Kingdom,LHR,51.4775,-0.461389,
148004,Delegate,South Africa,JNB,-26.139166,28.246,1381092300,Turkey,IST,40.976922,28.814606,
145614,Delegate,South Africa,JNB,-26.139166,28.246,1381093500,Germany,FRA,50.026421,8.543125,
51226,Delegate,South Africa,JNB,-26.139166,28.246,1381027200,Kenya,NBO,-1.319167,36.9275,
121092,Delegate,South Africa,JNB,-26.139166,28.246,1381092300,Turkey,IST,40.976922,28.814606,
148033,Delegate,South Africa,JNB,-26.139166,28.246,1381099500,United Kingdom,LHR,51.4775,-0.461389,
91455,Delegate,South Africa,JNB,-26.139166,28.246,1381184400,United States,ATL,33.636719,-84.428067,
144288,Delegate,South Africa,JNB,-26.139166,28.246,1381094100,United Arab Emirates,DXB,25.252778,55.364444,
145544,Group Minder or Chaperone,South Africa,JNB,-26.139166,28.246,1381092300,Turkey,IST,40.976922,28.814606,
138932,Delegate,South Africa,JNB,-26.139166,28.246,1381061400,Kenya,NBO,-1.319167,36.9275,
18599,Delegate,South Africa,JNB,-26.139166,28.246,1381092300,Turkey,IST,40.976922,28.814606,
145975,Delegate,South Africa,JNB,-26.139166,28.246,1381092300,Turkey,IST,40.976922,28.814606,
96588,Delegate,South Africa,JNB,-26.139166,28.246,1381007700,United Arab Emirates,DXB,25.252778,55.364444,
92324,Delegate,South Africa,JNB,-26.139166,28.246,1381099500,United Kingdom,LHR,51.4775,-0.461389,
146680,Delegate,South Africa,JNB,-26.139166,28.246,1381092300,Turkey,IST,40.976922,28.814606,
99616,Delegate,South Africa,JNB,-26.139166,28.246,1381090200,Brazil,GRU,-23.432075,-46.469511,
66130,Ambassador,South Africa,JNB,-26.139166,28.246,1381098300,United Kingdom,LHR,51.4775,-0.461389,
95303,Delegate,South Africa,JNB,-26.139166,28.246,1381092300,Turkey,IST,40.976922,28.814606,
144305,Ambassador,South Africa,JNB,-26.139166,28.246,1381008000,United Kingdom,LHR,51.4775,-0.461389,
100488,Delegate,South Africa,JNB,-26.139166,28.246,1381094100,France,CDG,49.012779,2.55,
54500,Ambassador,South Africa,JNB,-26.139166,28.246,1381095000,Germany,FRA,50.026421,8.543125,
132228,Delegate,South Africa,JNB,-26.139166,28.246,1381059600,Argentina,EZE,-34.822222,-58.535833,
128959,Delegate,South Africa,JNB,-26.139166,28.246,1381105200,United Arab Emirates,DXB,25.252778,55.364444,
132739,Delegate,South Africa,JNB,-26.139166,28.246,1381526400,United Kingdom,LHR,51.4775,-0.461389,
116328,Delegate,South Africa,JNB,-26.139166,28.246,1381443900,United Kingdom,LHR,51.4775,-0.461389,
45570,Delegate,South Africa,JNB,-26.139166,28.246,1381092300,Turkey,IST,40.976922,28.814606,
124435,Delegate,South Africa,JNB,-26.139166,28.246,1381077300,Qatar,DOH,25.261125,51.565056,
131686,Delegate,South Africa,JNB,-26.139166,28.246,1381440000,United Kingdom,LHR,51.4775,-0.461389,
76114,Delegate,South Africa,JNB,-26.139166,28.246,1381149600,South Africa,CPT,-33.964806,18.601667,
127237,Delegate,South Africa,JNB,-26.139166,28.246,1381065600,India,BOM,19.088686,72.867919,
144548,Delegate,South Africa,JNB,-26.139166,28.246,1381094100,France,CDG,49.012779,2.55,
132806,Delegate,South Africa,JNB,-26.139166,28.246,1381704300,United Kingdom,LHR,51.4775,-0.461389,
54386,Ambassador,South Africa,JNB,-26.139166,28.246,1381104000,United Kingdom,LHR,51.4775,-0.461389,
97342,Delegate,South Africa,JNB,-26.139166,28.246,1381098000,United States,ATL,33.636719,-84.428067,
145290,Delegate,South Africa,JNB,-26.139166,28.246,1381098900,United States,JFK,40.639751,-73.778925,
146146,Delegate,South Africa,JNB,-26.139166,28.246,1381099500,United Kingdom,LHR,51.4775,-0.461389,
29473,Delegate,South Africa,JNB,-26.139166,28.246,1381089600,Senegal,DKR,14.739708,-17.490225,
144637,Delegate,South Africa,JNB,-26.139166,28.246,1381180500,United Arab Emirates,DXB,25.252778,55.364444,
145789,Delegate,South Africa,JNB,-26.139166,28.246,1381094100,France,CDG,49.012779,2.55,
132202,Delegate,South Africa,JNB,-26.139166,28.246,1381098000,United States,ATL,33.636719,-84.428067,
53548,Ambassador,South Africa,JNB,-26.139166,28.246,1381098000,United States,ATL,33.636719,-84.428067,
146745,Delegate,South Africa,JNB,-26.139166,28.246,1381092300,Turkey,IST,40.976922,28.814606,
147709,Delegate,South Africa,JNB,-26.139166,28.246,1381592700,Singapore,SIN,1.350189,103.994433,
129463,Delegate,South Africa,JNB,-26.139166,28.246,1381069800,Hong Kong,HKG,22.308919,113.914603,
132212,Delegate,South Africa,JNB,-26.139166,28.246,1381094100,United Arab Emirates,DXB,25.252778,55.364444,
130624,Delegate,South Africa,JNB,-26.139166,28.246,1381180800,United Kingdom,LHR,51.4775,-0.461389,
110204,Delegate,South Africa,JNB,-26.139166,28.246,1381108500,Netherlands,AMS,52.308613,4.763889,
129848,Delegate,South Africa,JNB,-26.139166,28.246,1381074300,Singapore,SIN,1.350189,103.994433,
122254,Delegate,South Africa,JNB,-26.139166,28.246,1381075200,Nigeria,LOS,6.577369,3.321156,
93955,Delegate,South Africa,JNB,-26.139166,28.246,1381105200,United Arab Emirates,DXB,25.252778,55.364444,
112672,Delegate,South Africa,JNB,-26.139166,28.246,1381094400,United Kingdom,LHR,51.4775,-0.461389,
133931,Delegate,South Africa,JNB,-26.139166,28.246,1381785600,United Kingdom,LHR,51.4775,-0.461389,
131799,Delegate,South Africa,JNB,-26.139166,28.246,1381872000,United Kingdom,LHR,51.4775,-0.461389,
33386,Delegate,South Africa,JNB,-26.139166,28.246,1381071600,South Africa,CPT,-33.964806,18.601667,
146076,Delegate,South Africa,JNB,-26.139166,28.246,1381094100,France,CDG,49.012779,2.55,
146866,Delegate,South Africa,JNB,-26.139166,28.246,1381094400,United Kingdom,LHR,51.4775,-0.461389,
99297,Delegate,South Africa,JNB,-26.139166,28.246,1381094100,France,CDG,49.012779,2.55,
150475,Delegate,South Africa,JNB,-26.139166,28.246,1381094100,France,CDG,49.012779,2.55,
124842,Delegate,South Africa,JNB,-26.139166,28.246,1381093500,Germany,FRA,50.026421,8.543125,
145722,Delegate,South Africa,JNB,-26.139166,28.246,1381094400,United Kingdom,LHR,51.4775,-0.461389,
147740,Delegate,South Africa,JNB,-26.139166,28.246,1381093500,Germany,FRA,50.026421,8.543125,
18701,Ambassador,South Africa,JNB,-26.139166,28.246,1381089600,Brazil,GRU,-23.432075,-46.469511,
54549,Ambassador,South Africa,JNB,-26.139166,28.246,1381185900,United Kingdom,LHR,51.4775,-0.461389,
38584,Delegate,South Africa,JNB,-26.139166,28.246,1381083900,South Africa,CPT,-33.964806,18.601667,
139649,Delegate,South Africa,JNB,-26.139166,28.246,1381617300,United States,JFK,40.639751,-73.778925,
146917,Delegate,South Africa,JNB,-26.139166,28.246,1381617900,United Kingdom,LHR,51.4775,-0.461389,
133987,Delegate,South Africa,JNB,-26.139166,28.246,1381090200,Brazil,GRU,-23.432075,-46.469511,
151017,Delegate,South Africa,JNB,-26.139166,28.246,1381104000,United Kingdom,LHR,51.4775,-0.461389,
139192,Delegate,South Africa,JNB,-26.139166,28.246,1381095000,Germany,FRA,50.026421,8.543125,
146659,Delegate,South Africa,JNB,-26.139166,28.246,1381089600,Senegal,DKR,14.739708,-17.490225,
21974,Delegate,South Africa,JNB,-26.139166,28.246,1381089600,Senegal,DKR,14.739708,-17.490225,
147161,Delegate,South Africa,JNB,-26.139166,28.246,1381098900,United States,JFK,40.639751,-73.778925,
145895,Delegate,South Africa,JNB,-26.139166,28.246,1381765500,Singapore,SIN,1.350189,103.994433,
148128,Delegate,South Africa,JNB,-26.139166,28.246,1381098900,United States,JFK,40.639751,-73.778925,
117110,Delegate,South Africa,JNB,-26.139166,28.246,1381105200,United Arab Emirates,DXB,25.252778,55.364444,
53046,Delegate,South Africa,JNB,-26.139166,28.246,1381065600,India,BOM,19.088686,72.867919,
151564,Delegate,South Africa,JNB,-26.139166,28.246,1381099500,United Kingdom,LHR,51.4775,-0.461389,
132462,Delegate,South Africa,JNB,-26.139166,28.246,1381613400,South Africa,CPT,-33.964806,18.601667,
149841,Delegate,South Africa,JNB,-26.139166,28.246,1381098300,United Kingdom,LHR,51.4775,-0.461389,
148679,Delegate,South Africa,JNB,-26.139166,28.246,1381522500,Australia,SYD,-33.946111,151.177222,
144342,Delegate,South Africa,JNB,-26.139166,28.246,1381094100,United Arab Emirates,DXB,25.252778,55.364444,
142861,Delegate,South Africa,JNB,-26.139166,28.246,1381098000,United States,ATL,33.636719,-84.428067,
148592,Delegate,South Africa,JNB,-26.139166,28.246,1381095000,Switzerland,ZRH,47.464722,8.549167,
150448,Delegate,South Africa,JNB,-26.139166,28.246,1381094100,France,CDG,49.012779,2.55,
142803,Delegate,South Africa,JNB,-26.139166,28.246,1381069800,Hong Kong,HKG,22.308919,113.914603,
95323,Delegate,South Africa,JNB,-26.139166,28.246,1381008000,United Kingdom,LHR,51.4775,-0.461389,
18894,Ambassador,South Africa,JNB,-26.139166,28.246,1381094100,United Arab Emirates,DXB,25.252778,55.364444,
120575,Delegate,South Africa,JNB,-26.139166,28.246,1381522500,Australia,SYD,-33.946111,151.177222,
64553,Ambassador,South Africa,JNB,-26.139166,28.246,1381098300,United Kingdom,LHR,51.4775,-0.461389,
148850,Delegate,South Africa,JNB,-26.139166,28.246,1381094100,France,CDG,49.012779,2.55,
144413,Delegate,South Africa,JNB,-26.139166,28.246,1381075200,Nigeria,LOS,6.577369,3.321156,
132564,Delegate,South Africa,JNB,-26.139166,28.246,1381185900,United Kingdom,LHR,51.4775,-0.461389,
139525,Delegate,South Africa,JNB,-26.139166,28.246,1381617900,United Kingdom,LHR,51.4775,-0.461389,
149943,Delegate,South Africa,JNB,-26.139166,28.246,1381094100,France,CDG,49.012779,2.55,
150103,Delegate,South Africa,JNB,-26.139166,28.246,1381061400,Kenya,NBO,-1.319167,36.9275,
137873,Delegate,South Africa,JNB,-26.139166,28.246,1381032000,Nigeria,LOS,6.577369,3.321156,
132688,Delegate,South Africa,JNB,-26.139166,28.246,1381090200,Brazil,GRU,-23.432075,-46.469511,
130264,Delegate,South Africa,JNB,-26.139166,28.246,1381840800,Brazil,GRU,-23.432075,-46.469511,
130992,Delegate,South Africa,JNB,-26.139166,28.246,1381789500,United Kingdom,LHR,51.4775,-0.461389,
133050,Delegate,South Africa,JNB,-26.139166,28.246,1381185900,United Kingdom,LHR,51.4775,-0.461389,
130066,Delegate,South Africa,JNB,-26.139166,28.246,1381181100,South Africa,CPT,-33.964806,18.601667,
152773,Delegate,South Africa,JNB,-26.139166,28.246,1381095000,Switzerland,ZRH,47.464722,8.549167,
150204,Delegate,South Africa,JNB,-26.139166,28.246,1381079100,Botswana,GBE,-24.555225,25.918208,
152713,Delegate,South Africa,JNB,-26.139166,28.246,1381075800,United Arab Emirates,DXB,25.252778,55.364444,
19873,Ambassador,South Africa,JNB,-26.139166,28.246,1381197600,United Kingdom,LHR,51.4775,-0.461389,
144766,Delegate,South Africa,JNB,-26.139166,28.246,1381094400,United Kingdom,LHR,51.4775,-0.461389,
154279,Delegate,South Africa,JNB,-26.139166,28.246,1381077300,Qatar,DOH,25.261125,51.565056,
153681,Delegate,South Africa,JNB,-26.139166,28.246,1381099500,United Kingdom,LHR,51.4775,-0.461389,
154457,Delegate,South Africa,JNB,-26.139166,28.246,1381616700,United Kingdom,LHR,51.4775,-0.461389,
152633,Delegate,South Africa,JNB,-26.139166,28.246,1381069800,Hong Kong,HKG,22.308919,113.914603,
154140,Delegate,South Africa,JNB,-26.139166,28.246,1381075200,Uganda,EBB,0.042386,32.443503,
153873,Delegate,South Africa,JNB,-26.139166,28.246,1381098300,United Kingdom,LHR,51.4775,-0.461389,
154432,Delegate,South Africa,JNB,-26.139166,28.246,1381075200,Nigeria,LOS,6.577369,3.321156,
153414,Delegate,South Africa,JNB,-26.139166,28.246,1381094100,United Kingdom,LHR,51.4775,-0.461389,
153762,Delegate,South Africa,JNB,-26.139166,28.246,1381098900,United States,JFK,40.639751,-73.778925,
152352,Delegate,South Africa,JNB,-26.139166,28.246,1381069800,Hong Kong,HKG,22.308919,113.914603,
152153,Delegate,South Africa,JNB,-26.139166,28.246,1381069800,Hong Kong,HKG,22.308919,113.914603,
151035,Delegate,South Africa,JNB,-26.139166,28.246,1381065900,India,BOM,19.088686,72.867919,
154449,Delegate,South Africa,JNB,-26.139166,28.246,1381090200,Brazil,GRU,-23.432075,-46.469511,
131251,Delegate,South Africa,JNB,-26.139166,28.246,1381027200,Kenya,NBO,-1.319167,36.9275,
151102,Delegate,South Africa,JNB,-26.139166,28.246,1381090200,Brazil,GRU,-23.432075,-46.469511,
154442,Delegate,South Africa,JNB,-26.139166,28.246,1381075200,Uganda,EBB,0.042386,32.443503,
139481,Delegate,South Africa,JNB,-26.139166,28.246,1381089600,Senegal,DKR,14.739708,-17.490225,
150210,Delegate,South Africa,JNB,-26.139166,28.246,1381093500,Uganda,EBB,0.042386,32.443503,
150915,Delegate,South Africa,JNB,-26.139166,28.246,1381103100,Egypt,CAI,30.121944,31.405556,
55093,Ambassador,South Africa,JNB,-26.139166,28.246,1381531500,United Kingdom,LHR,51.4775,-0.461389,
137630,Delegate,South Africa,JNB,-26.139166,28.246,1381075200,Nigeria,LOS,6.577369,3.321156,
150740,Delegate,South Africa,JNB,-26.139166,28.246,1381064400,India,BOM,19.088686,72.867919,
153946,Delegate,South Africa,JNB,-26.139166,28.246,1381104000,United Kingdom,LHR,51.4775,-0.461389,
153952,Delegate,South Africa,JNB,-26.139166,28.246,1381095600,Zimbabwe,HRE,-17.931806,31.092847,
18974,Ambassador,South Africa,JNB,-26.139166,28.246,1381099500,United Kingdom,LHR,51.4775,-0.461389,
145481,Delegate,South Africa,JNB,-26.139166,28.246,1381092300,Turkey,IST,40.976922,28.814606,
153305,Delegate,South Africa,JNB,-26.139166,28.246,1381058100,South Africa,CPT,-33.964806,18.601667,
155058,Delegate,South Africa,JNB,-26.139166,28.246,1381309200,Zambia,LUN,-15.330817,28.452628,
154954,Delegate,South Africa,JNB,-26.139166,28.246,1380988800,Uganda,EBB,0.042386,32.443503,
153103,Delegate,South Africa,JNB,-26.139166,28.246,1381104300,Australia,PER,-31.940278,115.966944,
116685,Delegate,South Africa,JNB,-26.139166,28.246,1381072200,South Africa,PLZ,-33.984919,25.617275,
144889,Delegate,South Africa,JNB,-26.139166,28.246,1381098900,United States,JFK,40.639751,-73.778925,
127164,Delegate,South Africa,JNB,-26.139166,28.246,1381098900,United States,JFK,40.639751,-73.778925,
150748,Delegate,South Africa,JNB,-26.139166,28.246,1381022100,Netherlands,AMS,52.308613,4.763889,
21515,Delegate,South Africa,JNB,-26.139166,28.246,1381059900,Mozambique,MPM,-25.920836,32.572606,
155268,Delegate,South Africa,JNB,-26.139166,28.246,1381098900,United States,JFK,40.639751,-73.778925,
155241,Delegate,South Africa,JNB,-26.139166,28.246,1381190700,Australia,PER,-31.940278,115.966944,
154214,Delegate,South Africa,JNB,-26.139166,28.246,1381059600,Argentina,EZE,-34.822222,-58.535833,
152133,Delegate,South Africa,JNB,-26.139166,28.246,1381093200,South Africa,CPT,-33.964806,18.601667,
22551,Ambassador,South Africa,JNB,-26.139166,28.246,1381095000,Switzerland,ZRH,47.464722,8.549167,
155306,Delegate,South Africa,JNB,-26.139166,28.246,1381095600,Zimbabwe,HRE,-17.931806,31.092847,
130054,Delegate,South Africa,JNB,-26.139166,28.246,1381704300,United Kingdom,LHR,51.4775,-0.461389,
153246,Delegate,South Africa,JNB,-26.139166,28.246,1381099500,United Kingdom,LHR,51.4775,-0.461389,
155006,Delegate,South Africa,JNB,-26.139166,28.246,1381090200,Botswana,GBE,-24.555225,25.918208,
154401,Delegate,South Africa,JNB,-26.139166,28.246,1381065600,India,BOM,19.088686,72.867919,
154395,Delegate,South Africa,JNB,-26.139166,28.246,1382241600,Uganda,EBB,0.042386,32.443503,
155076,Delegate,South Africa,JNB,-26.139166,28.246,1381099500,United Kingdom,LHR,51.4775,-0.461389,
154742,Delegate,South Africa,JNB,-26.139166,28.246,1381093500,Germany,FRA,50.026421,8.543125,
155154,Delegate,South Africa,JNB,-26.139166,28.246,1381098900,United States,JFK,40.639751,-73.778925,
120624,Delegate,South Africa,JNB,-26.139166,28.246,1381522500,Australia,SYD,-33.946111,151.177222,
153311,Delegate,South Africa,JNB,-26.139166,28.246,1381075800,United Arab Emirates,DXB,25.252778,55.364444,
121134,Delegate,South Africa,JNB,-26.139166,28.246,1381679100,Singapore,SIN,1.350189,103.994433,
146644,Delegate,South Africa,JNB,-26.139166,28.246,1381098300,United Kingdom,LHR,51.4775,-0.461389,
132260,Delegate,South Africa,JNB,-26.139166,28.246,1381180800,United Kingdom,LHR,51.4775,-0.461389,
154077,Delegate,South Africa,JNB,-26.139166,28.246,1381094400,United Kingdom,LHR,51.4775,-0.461389,
119633,Delegate,South Africa,JNB,-26.139166,28.246,1381090500,South Africa,CPT,-33.964806,18.601667,
63385,Ambassador,South Africa,JNB,-26.139166,28.246,1381097700,United Kingdom,LHR,51.4775,-0.461389,
119642,Delegate,South Africa,JNB,-26.139166,28.246,1381090500,Australia,SYD,-33.946111,151.177222,
150364,Delegate,South Africa,JNB,-26.139166,28.246,1381069800,Hong Kong,HKG,22.308919,113.914603,
120888,Delegate,South Africa,JNB,-26.139166,28.246,1381090500,Australia,SYD,-33.946111,151.177222,
154946,Delegate,South Africa,JNB,-26.139166,28.246,1381076700,Tanzania,DAR,-6.878111,39.202625,
154923,Delegate,South Africa,JNB,-26.139166,28.246,1381093500,Zambia,LUN,-15.330817,28.452628,
149856,Delegate,South Africa,JNB,-26.139166,28.246,1381094400,United Kingdom,LHR,51.4775,-0.461389,
156003,Delegate,South Africa,JNB,-26.139166,28.246,1381068000,South Africa,CPT,-33.964806,18.601667,
150832,Delegate,South Africa,JNB,-26.139166,28.246,1381357200,United States,ATL,33.636719,-84.428067,
154122,Delegate,South Africa,JNB,-26.139166,28.246,1381058700,United Arab Emirates,AUH,24.432972,54.651138,
155212,Delegate,South Africa,JNB,-26.139166,28.246,1381094100,France,CDG,49.012779,2.55,
92355,Delegate,South Africa,JNB,-26.139166,28.246,1381094100,France,CDG,49.012779,2.55,
89356,Delegate,South Africa,JNB,-26.139166,28.246,1381089600,Senegal,DKR,14.739708,-17.490225,
155520,Delegate,South Africa,JNB,-26.139166,28.246,1381094400,United Kingdom,LHR,51.4775,-0.461389,
155797,Delegate,South Africa,JNB,-26.139166,28.246,1381094100,United Arab Emirates,DXB,25.252778,55.364444,
153518,Delegate,South Africa,JNB,-26.139166,28.246,1381184400,United States,ATL,33.636719,-84.428067,
155021,Delegate,South Africa,JNB,-26.139166,28.246,1381090200,Botswana,GBE,-24.555225,25.918208,
150460,Delegate,South Africa,JNB,-26.139166,28.246,1381010700,United Kingdom,LHR,51.4775,-0.461389,
156230,Delegate,South Africa,JNB,-26.139166,28.246,1381011600,United States,ATL,33.636719,-84.428067,
157174,Delegate,South Africa,JNB,-26.139166,28.246,1381185000,United Arab Emirates,AUH,24.432972,54.651138,
152764,Delegate,South Africa,JNB,-26.139166,28.246,1381098300,United Kingdom,LHR,51.4775,-0.461389,
156867,Delegate,South Africa,JNB,-26.139166,28.246,1381266900,France,CDG,49.012779,2.55,
155095,Delegate,South Africa,JNB,-26.139166,28.246,1381075800,United Arab Emirates,DXB,25.252778,55.364444,
150647,Delegate,South Africa,JNB,-26.139166,28.246,1381094100,France,CDG,49.012779,2.55,
157181,Delegate,South Africa,JNB,-26.139166,28.246,1381058700,United Arab Emirates,AUH,24.432972,54.651138,
155804,Delegate,South Africa,JNB,-26.139166,28.246,1381069800,Hong Kong,HKG,22.308919,113.914603,
62450,Ambassador,South Africa,JNB,-26.139166,28.246,1381064100,United Kingdom,LHR,51.4775,-0.461389,
100534,Delegate,South Africa,JNB,-26.139166,28.246,1381094100,France,CDG,49.012779,2.55,
141276,Delegate,South Africa,JNB,-26.139166,28.246,1381094100,France,CDG,49.012779,2.55,
152739,Delegate,South Africa,JNB,-26.139166,28.246,1381075800,United Arab Emirates,DXB,25.252778,55.364444,
153917,Delegate,South Africa,JNB,-26.139166,28.246,1381099500,United Kingdom,LHR,51.4775,-0.461389,
51563,Delegate,South Africa,JNB,-26.139166,28.246,1381271100,United Kingdom,LHR,51.4775,-0.461389,
144802,Delegate,South Africa,JNB,-26.139166,28.246,1381094400,United Kingdom,LHR,51.4775,-0.461389,
150778,Delegate,South Africa,JNB,-26.139166,28.246,1381089600,Senegal,DKR,14.739708,-17.490225,
156489,Delegate,South Africa,JNB,-26.139166,28.246,1381089600,Senegal,DKR,14.739708,-17.490225,
155688,Delegate,South Africa,JNB,-26.139166,28.246,1381615500,United Kingdom,LHR,51.4775,-0.461389,
148109,Delegate,South Africa,JNB,-26.139166,28.246,1381007100,Germany,FRA,50.026421,8.543125,
134296,Delegate,South Africa,JNB,-26.139166,28.246,1381108500,Netherlands,AMS,52.308613,4.763889,
155408,Delegate,South Africa,JNB,-26.139166,28.246,1381058100,South Africa,CPT,-33.964806,18.601667,
156759,Delegate,South Africa,JNB,-26.139166,28.246,1381065600,India,BOM,19.088686,72.867919,
55391,Ambassador,South Africa,JNB,-26.139166,28.246,1381094400,United Kingdom,LHR,51.4775,-0.461389,
157064,Delegate,South Africa,JNB,-26.139166,28.246,1381053900,United Kingdom,LHR,51.4775,-0.461389,
150412,Delegate,South Africa,JNB,-26.139166,28.246,1381266900,France,CDG,49.012779,2.55,
150881,Delegate,South Africa,JNB,-26.139166,28.246,1381093500,Germany,FRA,50.026421,8.543125,
156969,Delegate,South Africa,JNB,-26.139166,28.246,1381180500,United Arab Emirates,DXB,25.252778,55.364444,
156934,Delegate,South Africa,JNB,-26.139166,28.246,1381098900,United States,JFK,40.639751,-73.778925,
157229,Delegate,South Africa,JNB,-26.139166,28.246,1381011600,United Kingdom,LHR,51.4775,-0.461389,
144785,Delegate,South Africa,JNB,-26.139166,28.246,1381094100,France,CDG,49.012779,2.55,
121476,Delegate,South Africa,JNB,-26.139166,28.246,1382386500,Australia,SYD,-33.946111,151.177222,
150068,Delegate,South Africa,JNB,-26.139166,28.246,1381098300,United Kingdom,LHR,51.4775,-0.461389,
157056,Delegate,South Africa,JNB,-26.139166,28.246,1381099500,United Kingdom,LHR,51.4775,-0.461389,
121546,Delegate,South Africa,JNB,-26.139166,28.246,1383076200,Australia,SYD,-33.946111,151.177222,
155771,Delegate,South Africa,JNB,-26.139166,28.246,1381536000,United Kingdom,LHR,51.4775,-0.461389,
146468,Delegate,South Africa,JNB,-26.139166,28.246,1381156200,Hong Kong,HKG,22.308919,113.914603,
156177,Delegate,South Africa,JNB,-26.139166,28.246,1381077000,Qatar,DOH,25.261125,51.565056,
149827,Delegate,South Africa,JNB,-26.139166,28.246,1381074300,Singapore,SIN,1.350189,103.994433,
153592,Delegate,South Africa,JNB,-26.139166,28.246,1381099500,United Kingdom,LHR,51.4775,-0.461389,
93387,Delegate,South Africa,JNB,-26.139166,28.246,1381094100,France,CDG,49.012779,2.55,
155705,Delegate,South Africa,JNB,-26.139166,28.246,1381094100,France,CDG,49.012779,2.55,
157542,Delegate,South Africa,JNB,-26.139166,28.246,1381099500,United Kingdom,LHR,51.4775,-0.461389,
153049,Delegate,South Africa,JNB,-26.139166,28.246,1381098900,United States,JFK,40.639751,-73.778925,
153058,Delegate,South Africa,JNB,-26.139166,28.246,1381098900,United States,JFK,40.639751,-73.778925,
150514,Delegate,South Africa,JNB,-26.139166,28.246,1381098300,United Kingdom,LHR,51.4775,-0.461389,
150901,Delegate,South Africa,JNB,-26.139166,28.246,1381098300,United Kingdom,LHR,51.4775,-0.461389,
150924,Delegate,South Africa,JNB,-26.139166,28.246,1381098300,United Kingdom,LHR,51.4775,-0.461389,
98783,Delegate,South Africa,JNB,-26.139166,28.246,1381063200,Brazil,GRU,-23.432075,-46.469511,
157741,Delegate,South Africa,JNB,-26.139166,28.246,1381092300,Turkey,IST,40.976922,28.814606,
156846,Delegate,South Africa,JNB,-26.139166,28.246,1381094100,France,CDG,49.012779,2.55,
146169,Delegate,South Africa,JNB,-26.139166,28.246,1381098300,United Kingdom,LHR,51.4775,-0.461389,
153423,Delegate,South Africa,JNB,-26.139166,28.246,1381094100,France,CDG,49.012779,2.55,
101466,Delegate,South Africa,JNB,-26.139166,28.246,1381445100,United Kingdom,LHR,51.4775,-0.461389,
56945,Ambassador,South Africa,JNB,-26.139166,28.246,1381027200,Kenya,NBO,-1.319167,36.9275,
151136,Delegate,South Africa,JNB,-26.139166,28.246,1381108500,Netherlands,AMS,52.308613,4.763889,
153001,Delegate,South Africa,JNB,-26.139166,28.246,1381565400,Brazil,GRU,-23.432075,-46.469511,
156356,Delegate,South Africa,JNB,-26.139166,28.246,1381263300,Australia,SYD,-33.946111,151.177222,
155762,Delegate,South Africa,JNB,-26.139166,28.246,1381074300,Singapore,SIN,1.350189,103.994433,
157586,Delegate,South Africa,JNB,-26.139166,28.246,1381093500,Germany,FRA,50.026421,8.543125,
110149,Ambassador,South Africa,JNB,-26.139166,28.246,1381188600,United Arab Emirates,AUH,24.432972,54.651138,
82600,Delegate,South Africa,JNB,-26.139166,28.246,1381185000,United Arab Emirates,AUH,24.432972,54.651138,
157259,Delegate,South Africa,JNB,-26.139166,28.246,1381094100,France,CDG,49.012779,2.55,
158071,Delegate,South Africa,JNB,-26.139166,28.246,1381162200,United Arab Emirates,DXB,25.252778,55.364444,
58319,Ambassador,South Africa,JNB,-26.139166,28.246,1381094100,France,CDG,49.012779,2.55,
154597,Delegate,South Africa,JNB,-26.139166,28.246,1381094100,France,CDG,49.012779,2.55,
156453,Delegate,South Africa,JNB,-26.139166,28.246,1381085700,Hong Kong,HKG,22.308919,113.914603,
151614,Delegate,South Africa,JNB,-26.139166,28.246,1381095000,Switzerland,ZRH,47.464722,8.549167,
155549,Delegate,South Africa,JNB,-26.139166,28.246,1381962000,United States,ATL,33.636719,-84.428067,
147430,Delegate,South Africa,JNB,-26.139166,28.246,1381094100,France,CDG,49.012779,2.55,
154629,Delegate,South Africa,JNB,-26.139166,28.246,1381104000,United Kingdom,LHR,51.4775,-0.461389,
155462,Delegate,South Africa,JNB,-26.139166,28.246,1381092300,Turkey,IST,40.976922,28.814606,
105052,Delegate,South Africa,JNB,-26.139166,28.246,1381094100,France,CDG,49.012779,2.55,
127427,Delegate,South Africa,JNB,-26.139166,28.246,1381094100,France,CDG,49.012779,2.55,
149325,Delegate,South Africa,JNB,-26.139166,28.246,1381099200,Germany,MUC,48.353783,11.786086,
157240,Delegate,South Africa,JNB,-26.139166,28.246,1381092300,Turkey,IST,40.976922,28.814606,
144645,Delegate,South Africa,JNB,-26.139166,28.246,1381094400,United Kingdom,LHR,51.4775,-0.461389,
139588,Delegate,South Africa,JNB,-26.139166,28.246,1381094100,France,CDG,49.012779,2.55,
155108,Delegate,South Africa,JNB,-26.139166,28.246,1381281300,Netherlands,AMS,52.308613,4.763889,
158147,Delegate,South Africa,JNB,-26.139166,28.246,1381094100,France,CDG,49.012779,2.55,
154968,Delegate,South Africa,JNB,-26.139166,28.246,1381281300,Netherlands,AMS,52.308613,4.763889,
155250,Delegate,South Africa,JNB,-26.139166,28.246,1381098600,United States,JFK,40.639751,-73.778925,
155392,Delegate,South Africa,JNB,-26.139166,28.246,1381094100,France,CDG,49.012779,2.55,
150580,Delegate,South Africa,JNB,-26.139166,28.246,1381095000,Switzerland,ZRH,47.464722,8.549167,
156948,Delegate,South Africa,JNB,-26.139166,28.246,1381055700,United States,JFK,40.639751,-73.778925,
62168,Ambassador,South Africa,JNB,-26.139166,28.246,1381092300,Turkey,IST,40.976922,28.814606,
141227,Delegate,South Africa,JNB,-26.139166,28.246,1381098900,United States,JFK,40.639751,-73.778925,
61243,Ambassador,South Africa,JNB,-26.139166,28.246,1381108500,Netherlands,AMS,52.308613,4.763889,
78515,Delegate,South Africa,JNB,-26.139166,28.246,1381086900,Netherlands,AMS,52.308613,4.763889,
155658,Delegate,South Africa,JNB,-26.139166,28.246,1381099500,United Kingdom,LHR,51.4775,-0.461389,
152492,Delegate,South Africa,JNB,-26.139166,28.246,1381090200,Brazil,GRU,-23.432075,-46.469511,
154647,Delegate,South Africa,JNB,-26.139166,28.246,1381094400,United Kingdom,LHR,51.4775,-0.461389,
157674,Delegate,South Africa,JNB,-26.139166,28.246,1381591800,South Africa,JNB,-26.139166,28.246,
155013,Delegate,South Africa,JNB,-26.139166,28.246,1381271100,United Kingdom,LHR,51.4775,-0.461389,
107279,Delegate,South Africa,JNB,-26.139166,28.246,1381094100,France,CDG,49.012779,2.55,
157572,Delegate,South Africa,JNB,-26.139166,28.246,1381098000,United Kingdom,LHR,51.4775,-0.461389,
117424,Delegate,South Africa,JNB,-26.139166,28.246,1381075800,United Arab Emirates,DXB,25.252778,55.364444,
149999,Delegate,South Africa,JNB,-26.139166,28.246,1381065900,United Kingdom,LHR,51.4775,-0.461389,
153630,Delegate,South Africa,JNB,-26.139166,28.246,1381082400,South Africa,CPT,-33.964806,18.601667,
150756,Delegate,South Africa,JNB,-26.139166,28.246,1381022100,Netherlands,AMS,52.308613,4.763889,
157100,Delegate,South Africa,JNB,-26.139166,28.246,1381085700,Hong Kong,HKG,22.308919,113.914603,
154024,Delegate,South Africa,JNB,-26.139166,28.246,1381097100,United Kingdom,LHR,51.4775,-0.461389,
155743,Delegate,South Africa,JNB,-26.139166,28.246,1381098900,United States,JFK,40.639751,-73.778925,
155605,Delegate,South Africa,JNB,-26.139166,28.246,1381072800,Kenya,NBO,-1.319167,36.9275,
155486,Delegate,South Africa,JNB,-26.139166,28.246,1381072800,Kenya,NBO,-1.319167,36.9275,
155449,Delegate,South Africa,JNB,-26.139166,28.246,1381094100,France,CDG,49.012779,2.55,
150956,Delegate,South Africa,JNB,-26.139166,28.246,1381092300,Turkey,IST,40.976922,28.814606,
151112,Delegate,South Africa,JNB,-26.139166,28.246,1381105200,United Arab Emirates,DXB,25.252778,55.364444,
157779,Delegate,South Africa,JNB,-26.139166,28.246,1381097700,United Kingdom,LHR,51.4775,-0.461389,
150128,Delegate,South Africa,JNB,-26.139166,28.246,1381584000,India,BOM,19.088686,72.867919,
158268,Delegate,South Africa,JNB,-26.139166,28.246,1381103100,Egypt,CAI,30.121944,31.405556,
18706,Ambassador,South Africa,JNB,-26.139166,28.246,1381276200,Qatar,DOH,25.261125,51.565056,
159679,Delegate,South Africa,JNB,-26.139166,28.246,1381098300,United Kingdom,LHR,51.4775,-0.461389,
118742,Delegate,South Africa,JNB,-26.139166,28.246,1381022100,Netherlands,AMS,52.308613,4.763889,
157309,Delegate,South Africa,JNB,-26.139166,28.246,1381085700,Hong Kong,HKG,22.308919,113.914603,
158501,Delegate,South Africa,JNB,-26.139166,28.246,1381095000,Germany,FRA,50.026421,8.543125,
148468,Delegate,South Africa,JNB,-26.139166,28.246,1381094100,France,CDG,49.012779,2.55,
159820,Delegate,South Africa,JNB,-26.139166,28.246,1381012800,Germany,MUC,48.353783,11.786086,
159564,Delegate,South Africa,JNB,-26.139166,28.246,1381092300,Turkey,IST,40.976922,28.814606,
159403,Delegate,South Africa,JNB,-26.139166,28.246,1381113600,Kenya,NBO,-1.319167,36.9275,
158617,Delegate,South Africa,JNB,-26.139166,28.246,1381058700,United Arab Emirates,AUH,24.432972,54.651138,
158733,Delegate,South Africa,JNB,-26.139166,28.246,1381007100,Germany,FRA,50.026421,8.543125,
158409,Delegate,South Africa,JNB,-26.139166,28.246,1381160700,Singapore,SIN,1.350189,103.994433,
22058,Ambassador,South Africa,JNB,-26.139166,28.246,1381113600,Kenya,NBO,-1.319167,36.9275,
148226,Delegate,South Africa,JNB,-26.139166,28.246,1381098900,United States,JFK,40.639751,-73.778925,
158081,Delegate,South Africa,JNB,-26.139166,28.246,1381094100,France,CDG,49.012779,2.55,
141938,Delegate,South Africa,JNB,-26.139166,28.246,1381113600,Kenya,NBO,-1.319167,36.9275,
157040,Delegate,South Africa,JNB,-26.139166,28.246,1381526400,United Kingdom,LHR,51.4775,-0.461389,
158331,Delegate,South Africa,JNB,-26.139166,28.246,1381011600,United States,ATL,33.636719,-84.428067,
45859,Ambassador,South Africa,JNB,-26.139166,28.246,1381113600,Kenya,NBO,-1.319167,36.9275,
95193,Delegate,South Africa,JNB,-26.139166,28.246,1381094100,France,CDG,49.012779,2.55,
159238,Delegate,South Africa,JNB,-26.139166,28.246,1381095000,United Kingdom,LHR,51.4775,-0.461389,
149392,Delegate,South Africa,JNB,-26.139166,28.246,1381069800,Hong Kong,HKG,22.308919,113.914603,
154200,Delegate,South Africa,JNB,-26.139166,28.246,1381185900,United Kingdom,LHR,51.4775,-0.461389,
157619,Delegate,South Africa,JNB,-26.139166,28.246,1381098900,United States,JFK,40.639751,-73.778925,
90167,Delegate,South Africa,JNB,-26.139166,28.246,1381059900,Argentina,EZE,-34.822222,-58.535833,
121657,Delegate,South Africa,JNB,-26.139166,28.246,1381200000,Kenya,NBO,-1.319167,36.9275,
159321,Delegate,South Africa,JNB,-26.139166,28.246,1381095000,Switzerland,ZRH,47.464722,8.549167,
158307,Delegate,South Africa,JNB,-26.139166,28.246,1381149600,Brazil,GRU,-23.432075,-46.469511,
158418,Delegate,South Africa,JNB,-26.139166,28.246,1381069800,Hong Kong,HKG,22.308919,113.914603,
159468,Delegate,South Africa,JNB,-26.139166,28.246,1381027500,Kenya,NBO,-1.319167,36.9275,
160110,Delegate,South Africa,JNB,-26.139166,28.246,1381113600,Kenya,NBO,-1.319167,36.9275,
92941,Delegate,South Africa,JNB,-26.139166,28.246,1381077300,Qatar,DOH,25.261125,51.565056,
160358,Delegate,South Africa,JNB,-26.139166,28.246,1381113600,Kenya,NBO,-1.319167,36.9275,
160262,Delegate,South Africa,JNB,-26.139166,28.246,1381113600,Kenya,NBO,-1.319167,36.9275,
160328,Delegate,South Africa,JNB,-26.139166,28.246,1381113600,Kenya,NBO,-1.319167,36.9275,
154758,Delegate,South Africa,JNB,-26.139166,28.246,1381098300,United Kingdom,LHR,51.4775,-0.461389,
57075,Ambassador,South Africa,JNB,-26.139166,28.246,1381018800,United Arab Emirates,DXB,25.252778,55.364444,
129092,Delegate,South Africa,JNB,-26.139166,28.246,1381094100,France,CDG,49.012779,2.55,
126774,Delegate,South Africa,JNB,-26.139166,28.246,1381094100,France,CDG,49.012779,2.55,
158434,Delegate,South Africa,JNB,-26.139166,28.246,1381098300,United Kingdom,LHR,51.4775,-0.461389,
141398,Delegate,South Africa,JNB,-26.139166,28.246,1381113600,Kenya,NBO,-1.319167,36.9275,
157902,Delegate,South Africa,JNB,-26.139166,28.246,1381098300,United Kingdom,LHR,51.4775,-0.461389,
128642,Delegate,South Africa,JNB,-26.139166,28.246,1381040100,Ghana,ACC,5.605186,-0.166786,
98665,Delegate,South Africa,JNB,-26.139166,28.246,1381015800,Egypt,CAI,30.121944,31.405556,
159828,Delegate,South Africa,JNB,-26.139166,28.246,1378938000,United Kingdom,LHR,51.4775,-0.461389,
158176,Delegate,South Africa,JNB,-26.139166,28.246,1381093500,Germany,FRA,50.026421,8.543125,
155134,Delegate,South Africa,JNB,-26.139166,28.246,1381099500,United Kingdom,LHR,51.4775,-0.461389,
19453,Ambassador,South Africa,JNB,-26.139166,28.246,1381094400,United Kingdom,LHR,51.4775,-0.461389,
160709,Delegate,South Africa,JNB,-26.139166,28.246,1381113600,Kenya,NBO,-1.319167,36.9275,
158299,Delegate,South Africa,JNB,-26.139166,28.246,1381400400,United States,ATL,33.636719,-84.428067,
150801,Delegate,South Africa,JNB,-26.139166,28.246,1381093200,France,CDG,49.012779,2.55,
155049,Delegate,South Africa,JNB,-26.139166,28.246,1381529700,United States,ATL,33.636719,-84.428067,
158095,Delegate,South Africa,JNB,-26.139166,28.246,1381095000,Switzerland,ZRH,47.464722,8.549167,
78594,Delegate,South Africa,JNB,-26.139166,28.246,1381170600,United Arab Emirates,AUH,24.432972,54.651138,
150934,Delegate,South Africa,JNB,-26.139166,28.246,1381050300,Germany,FRA,50.026421,8.543125,
19285,Ambassador,South Africa,JNB,-26.139166,28.246,1382230800,Netherlands,AMS,52.308613,4.763889,
154867,Delegate,South Africa,JNB,-26.139166,28.246,1381611600,Germany,FRA,50.026421,8.543125,
157598,Delegate,South Africa,JNB,-26.139166,28.246,1381094100,France,CDG,49.012779,2.55,
145534,Delegate,South Africa,JNB,-26.139166,28.246,1381092300,Turkey,IST,40.976922,28.814606,
156344,Delegate,South Africa,JNB,-26.139166,28.246,1381094100,United Kingdom,LHR,51.4775,-0.461389,
139241,Delegate,South Africa,JNB,-26.139166,28.246,1381075200,Nigeria,LOS,6.577369,3.321156,
133140,Delegate,South Africa,JNB,-26.139166,28.246,1381059300,Nigeria,LOS,6.577369,3.321156,
20229,Ambassador,South Africa,JNB,-26.139166,28.246,1381095000,Germany,FRA,50.026421,8.543125,
19100,Ambassador,South Africa,JNB,-26.139166,28.246,1382217300,France,CDG,49.012779,2.55,
158036,Delegate,South Africa,JNB,-26.139166,28.246,1381105500,United Kingdom,LHR,51.4775,-0.461389,
21932,Delegate,South Africa,JNB,-26.139166,28.246,1381161600,Uganda,EBB,0.042386,32.443503,
129241,Delegate,South Africa,JNB,-26.139166,28.246,1381336500,Qatar,DOH,25.261125,51.565056,
150552,Delegate,South Africa,JNB,-26.139166,28.246,1381094400,United Kingdom,LHR,51.4775,-0.461389,
79949,Delegate,South Africa,JNB,-26.139166,28.246,1381250400,Gabon,LBV,0.4586,9.412283,
146567,Delegate,South Africa,JNB,-26.139166,28.246,1381267200,United Kingdom,LHR,51.4775,-0.461389,
131080,Delegate,South Africa,JNB,-26.139166,28.246,1381184400,United States,ATL,33.636719,-84.428067,
152376,Delegate,South Africa,JNB,-26.139166,28.246,1381104000,United Kingdom,LHR,51.4775,-0.461389,
153144,Delegate,South Africa,JNB,-26.139166,28.246,1381098900,United States,JFK,40.639751,-73.778925,
115750,Delegate,South Africa,JNB,-26.139166,28.246,1381243500,Ghana,ACC-ABJ,5.605186,-0.166786,
149804,Delegate,South Africa,JNB,-26.139166,28.246,1381184100,United States,ATL,33.636719,-84.428067,
69099,Delegate,South Africa,JNB,-26.139166,28.246,1381097700,United Arab Emirates,DXB,25.252778,55.364444,
141357,Delegate,South Africa,JNB,-26.139166,28.246,1381060800,South Africa,CPT,-33.964806,18.601667,
125785,Delegate,South Africa,JNB,-26.139166,28.246,1381078800,Botswana,GBE,-24.555225,25.918208,
161163,Delegate,South Africa,JNB,-26.139166,28.246,1381095000,Switzerland,ZRH,47.464722,8.549167,
123744,Delegate,South Africa,JNB,-26.139166,28.246,1381141800,Rwanda,KGL,-1.968628,30.13945,
107691,Delegate,South Africa,JNB,-26.139166,28.246,1381085700,Ghana,ACC,5.605186,-0.166786,
160883,Delegate,South Africa,JNB,-26.139166,28.246,1381094400,United Kingdom,LHR,51.4775,-0.461389,
148936,Delegate,South Africa,JNB,-26.139166,28.246,1381529100,United Kingdom,LHR,51.4775,-0.461389,
112685,Delegate,South Africa,JNB,-26.139166,28.246,1381176000,Senegal,DKR,14.739708,-17.490225,
158323,Delegate,South Africa,JNB,-26.139166,28.246,1381314000,United States,ATL,33.636719,-84.428067,
19460,Ambassador,South Africa,JNB,-26.139166,28.246,1381266900,France,CDG,49.012779,2.55,
26929,Ambassador,South Africa,JNB,-26.139166,28.246,1381098000,United States,ATL,33.636719,-84.428067,
96422,Delegate,South Africa,JNB,-26.139166,28.246,1381075200,Nigeria,LOS,6.577369,3.321156,
158157,Delegate,South Africa,JNB,-26.139166,28.246,1381095000,Germany,FRA,50.026421,8.543125,
162495,Delegate,South Africa,JNB,-26.139166,28.246,1381065300,India,BOM,19.088686,72.867919,
120549,Delegate,South Africa,JNB,-26.139166,28.246,1381089600,Senegal,DKR,14.739708,-17.490225,
18508,Delegate,South Africa,JNB,-26.139166,28.246,1381085700,Ghana,ACC,5.605186,-0.166786,
160695,Delegate,South Africa,JNB,-26.139166,28.246,1381094100,France,CDG,49.012779,2.55,
159686,Delegate,South Africa,JNB,-26.139166,28.246,1381870800,United Kingdom,LHR,51.4775,-0.461389,
161986,Delegate,South Africa,JNB,-26.139166,28.246,1381093500,Uganda,EBB,0.042386,32.443503,
153338,Delegate,South Africa,JNB,-26.139166,28.246,1381090200,Brazil,GRU,-23.432075,-46.469511,
162520,Delegate,South Africa,JNB,-26.139166,28.246,1381089600,Senegal,DKR,14.739708,-17.490225,
148413,Delegate,South Africa,JNB,-26.139166,28.246,1381082700,Swaziland,MTS,-26.529022,31.307519,
162611,Delegate,South Africa,JNB,-26.139166,28.246,1381093500,Germany,FRA,50.026421,8.543125,
124626,Delegate,South Africa,JNB,-26.139166,28.246,1381074300,Singapore,SIN,1.350189,103.994433,
160966,Delegate,South Africa,JNB,-26.139166,28.246,1381089600,Senegal,DKR,14.739708,-17.490225,
162483,Delegate,South Africa,JNB,-26.139166,28.246,1381089600,Senegal,DKR,14.739708,-17.490225,
161956,Delegate,South Africa,JNB,-26.139166,28.246,1381104300,Australia,PER,-31.940278,115.966944,
142019,Delegate,South Africa,JNB,-26.139166,28.246,1381113600,Kenya,NBO,-1.319167,36.9275,
159253,Delegate,South Africa,JNB,-26.139166,28.246,1381095000,Germany,FRA,50.026421,8.543125,
160160,Delegate,South Africa,JNB,-26.139166,28.246,1381922100,United Arab Emirates,AUH,24.432972,54.651138,
158461,Delegate,South Africa,JNB,-26.139166,28.246,,Qatar,DOH,25.261125,51.565056,
159343,Delegate,South Africa,JNB,-26.139166,28.246,1381454100,Netherlands,AMS,52.308613,4.763889,
116879,Delegate,South Africa,JNB,-26.139166,28.246,1381076400,Ethiopia,ADD,8.977889,38.799319,
91544,Delegate,South Africa,JNB,-26.139166,28.246,1381076400,Ethiopia,ADD,8.977889,38.799319,
41986,Delegate,South Africa,JNB,-26.139166,28.246,1381113600,Kenya,NBO,-1.319167,36.9275,
97942,Delegate,South Africa,JNB,-26.139166,28.246,1381104300,Australia,PER,-31.940278,115.966944,
159490,Delegate,South Africa,JNB,-26.139166,28.246,1381059000,United Arab Emirates,AUH,24.432972,54.651138,
146385,Delegate,South Africa,JNB,-26.139166,28.246,1381068000,South Africa,CPT,-33.964806,18.601667,
156976,Delegate,South Africa,JNB,-26.139166,28.246,1381098300,United Kingdom,LHR,51.4775,-0.461389,
144253,Delegate,South Africa,JNB,-26.139166,28.246,1381098000,United Kingdom,LHR,51.4775,-0.461389,
22393,Delegate,South Africa,JNB,-26.139166,28.246,1381076400,Ethiopia,ADD,8.977889,38.799319,
159614,Delegate,South Africa,JNB,-26.139166,28.246,1381058700,United Arab Emirates,AUH,24.432972,54.651138,
97467,Delegate,South Africa,JNB,-26.139166,28.246,1381098300,United Kingdom,LHR,51.4775,-0.461389,
139517,Delegate,South Africa,JNB,-26.139166,28.246,1381267200,United Kingdom,LHR,51.4775,-0.461389,
163791,Delegate,South Africa,JNB,-26.139166,28.246,1381094100,France,CDG,49.012779,2.55,
165426,Delegate,South Africa,JNB,-26.139166,28.246,1381076400,Ethiopia,ADD,8.977889,38.799319,
161045,Delegate,South Africa,JNB,-26.139166,28.246,1381097700,United Kingdom,LHR,51.4775,-0.461389,
107574,Delegate,South Africa,JNB,-26.139166,28.246,1381085700,Ghana,ACC,5.605186,-0.166786,
52711,Delegate,South Africa,JNB,-26.139166,28.246,1381093500,Germany,FRA,50.026421,8.543125,
141243,Delegate,South Africa,JNB,-26.139166,28.246,1381271700,United States,JFK,40.639751,-73.778925,
146314,Delegate,South Africa,JNB,-26.139166,28.246,1381068900,South Africa,HDS,-24.368642,31.048744,
165592,Delegate,South Africa,JNB,-26.139166,28.246,1381098000,United Kingdom,LHR,51.4775,-0.461389,
165443,Delegate,South Africa,JNB,-26.139166,28.246,1381098900,United States,JFK,40.639751,-73.778925,
93812,Delegate,South Africa,JNB,-26.139166,28.246,1381050900,France,CDG,49.012779,2.55,
164432,Delegate,South Africa,JNB,-26.139166,28.246,1381185000,United Arab Emirates,AUH,24.432972,54.651138,
61642,Ambassador,South Africa,JNB,-26.139166,28.246,1381075200,United Arab Emirates,DXB,25.252778,55.364444,
165503,Delegate,South Africa,JNB,-26.139166,28.246,1381094100,United Arab Emirates,DXB,25.252778,55.364444,
165400,Delegate,South Africa,JNB,-26.139166,28.246,1381085700,Ghana,ACC,5.605186,-0.166786,
165843,Delegate,South Africa,JNB,-26.139166,28.246,1381090200,Senegal,DKR,14.739708,-17.490225,
165455,Delegate,South Africa,JNB,-26.139166,28.246,1381075200,Nigeria,LOS,6.577369,3.321156,
165928,Delegate,South Africa,JNB,-26.139166,28.246,1381077300,Qatar,DOH,25.261125,51.565056,
165054,Delegate,South Africa,JNB,-26.139166,28.246,1381851900,Singapore,SIN,1.350189,103.994433,
165855,Delegate,South Africa,JNB,-26.139166,28.246,1381695000,Senegal,DKR,14.739708,-17.490225,
163666,Delegate,South Africa,JNB,-26.139166,28.246,1381075200,United Arab Emirates,DXB,25.252778,55.364444,
159974,Delegate,South Africa,JNB,-26.139166,28.246,1381094100,United Arab Emirates,DXB,25.252778,55.364444,
146324,Delegate,South Africa,JNB,-26.139166,28.246,1381090200,Senegal,DKR,14.739708,-17.490225,
165955,Delegate,South Africa,JNB,-26.139166,28.246,1381058700,United Arab Emirates,AUH,24.432972,54.651138,
165134,Delegate,South Africa,JNB,-26.139166,28.246,1381185000,United Arab Emirates,AUH,24.432972,54.651138,
165519,Delegate,South Africa,JNB,-26.139166,28.246,1381073400,South Africa,DUR,-29.970089,30.950519,
164644,Delegate,South Africa,JNB,-26.139166,28.246,1381185000,United Arab Emirates,AUH,24.432972,54.651138,
166080,Delegate,South Africa,JNB,-26.139166,28.246,1381094400,United Kingdom,LHR,51.4775,-0.461389,
165325,Delegate,South Africa,JNB,-26.139166,28.246,1381008600,Germany,FRA,50.026421,8.543125,
165615,Delegate,South Africa,JNB,-26.139166,28.246,1381075200,Nigeria,LOS,6.577369,3.321156,
165826,Delegate,South Africa,JNB,-26.139166,28.246,1381059000,Malawi,LLW,-13.789378,33.781,
49528,Ambassador,South Africa,JNB,-26.139166,28.246,1381113600,Kenya,NBO,-1.319167,36.9275,
163645,Delegate,South Africa,JNB,-26.139166,28.246,1381049100,South Africa,DUR,-29.970089,30.950519,
163757,Delegate,South Africa,JNB,-26.139166,28.246,1381059600,Argentina,EZE,-34.822222,-58.535833,
166320,Delegate,South Africa,JNB,-26.139166,28.246,1381104000,United Kingdom,LHR,51.4775,-0.461389,
159480,Delegate,South Africa,JNB,-26.139166,28.246,1381011600,United States,ATL,33.636719,-84.428067,
165295,Delegate,South Africa,JNB,-26.139166,28.246,1381077300,Qatar,DOH,25.261125,51.565056,
133825,Delegate,South Africa,JNB,-26.139166,28.246,1381055400,Rwanda,KGL,-1.968628,30.13945,
164448,Delegate,South Africa,JNB,-26.139166,28.246,1381185000,United Arab Emirates,AUH,24.432972,54.651138,
119592,Delegate,South Africa,JNB,-26.139166,28.246,1381050000,South Africa,CPT,-33.964806,18.601667,
164056,Delegate,South Africa,JNB,-26.139166,28.246,1381063200,Brazil,GRU,-23.432075,-46.469511,
161826,Delegate,South Africa,JNB,-26.139166,28.246,1381137300,Hong Kong,HKG,22.308919,113.914603,
164201,Delegate,South Africa,JNB,-26.139166,28.246,1381097700,United States,ATL-DTW,33.636719,-84.428067,
161590,Delegate,South Africa,JNB,-26.139166,28.246,1381069800,Hong Kong,HKG,22.308919,113.914603,
18964,Ambassador,South Africa,JNB,-26.139166,28.246,1381058100,United Arab Emirates,AUH,24.432972,54.651138,
163342,Delegate,South Africa,JNB,-26.139166,28.246,1381094100,United Arab Emirates,DXB,25.252778,55.364444,
165465,Delegate,South Africa,JNB,-26.139166,28.246,1381070700,South Africa,DUR,-29.970089,30.950519,
166821,Delegate,South Africa,JNB,-26.139166,28.246,1381238100,India,BOM,19.088686,72.867919,
161906,Delegate,South Africa,JNB,-26.139166,28.246,1381184700,United Kingdom,LHR,51.4775,-0.461389,
18048,Ambassador,South Africa,JNB,-26.139166,28.246,1383221400,Brazil,GRU,-23.432075,-46.469511,
128272,Delegate,South Africa,JNB,-26.139166,28.246,1381104000,United Kingdom,LHR,51.4775,-0.461389,
164818,Delegate,South Africa,JNB,-26.139166,28.246,1382188500,India,BOM,19.088686,72.867919,
167175,Delegate,South Africa,JNB,-26.139166,28.246,1381108500,Netherlands,AMS,52.308613,4.763889,
166210,Delegate,South Africa,JNB,-26.139166,28.246,1381050000,South Africa,CPT,-33.964806,18.601667,
167001,Delegate,South Africa,JNB,-26.139166,28.246,1381108500,Netherlands,AMS,52.308613,4.763889,
160593,Delegate,South Africa,JNB,-26.139166,28.246,1381069800,Hong Kong,HKG,22.308919,113.914603,
161613,Delegate,South Africa,JNB,-26.139166,28.246,1381069800,Hong Kong,HKG,22.308919,113.914603,
21246,Delegate,South Africa,JNB,-26.139166,28.246,1381058700,United Arab Emirates,AUH,24.432972,54.651138,
165392,Delegate,South Africa,JNB,-26.139166,28.246,1380925200,United States,ATL,33.636719,-84.428067,
161257,Delegate,South Africa,JNB,-26.139166,28.246,1381069800,Hong Kong,HKG,22.308919,113.914603,
161265,Delegate,South Africa,JNB,-26.139166,28.246,1381072800,Kenya,NBO,-1.319167,36.9275,
162337,Delegate,South Africa,JNB,-26.139166,28.246,1381069800,Hong Kong,HKG,22.308919,113.914603,
166894,Delegate,South Africa,JNB,-26.139166,28.246,1381113000,Kenya,NBO,-1.319167,36.9275,
167614,Delegate,South Africa,JNB,-26.139166,28.246,1381094100,United Kingdom,LHR,51.4775,-0.461389,
162639,Delegate,South Africa,JNB,-26.139166,28.246,1381103100,Egypt,CAI,30.121944,31.405556,
83686,Delegate,South Africa,JNB,-26.139166,28.246,1381093500,Zambia,LUN,-15.330817,28.452628,
168278,Delegate,South Africa,JNB,-26.139166,28.246,1381069800,Hong Kong,HKG,22.308919,113.914603,
162400,Delegate,South Africa,JNB,-26.139166,28.246,1381069800,Hong Kong,HKG,22.308919,113.914603,
163619,Delegate,South Africa,JNB,-26.139166,28.246,1381075800,United Arab Emirates,DXB,25.252778,55.364444,
165833,Delegate,South Africa,JNB,-26.139166,28.246,1381063500,Brazil,GRU,-23.432075,-46.469511,
147304,Delegate,South Africa,JNB,-26.139166,28.246,1381099500,United Kingdom,LHR,51.4775,-0.461389,
157516,Delegate,South Africa,JNB,-26.139166,28.246,1381065600,India,BOM,19.088686,72.867919,
141058,Delegate,South Africa,JNB,-26.139166,28.246,1381149600,Brazil,GRU,-23.432075,-46.469511,
168204,Delegate,South Africa,JNB,-26.139166,28.246,1381017900,Australia,PER,-31.940278,115.966944,
164983,Delegate,South Africa,JNB,-26.139166,28.246,1381075200,Nigeria,LOS,6.577369,3.321156,
167273,Delegate,South Africa,JNB,-26.139166,28.246,1381094100,United Arab Emirates,DXB,25.252778,55.364444,
132707,Delegate,South Africa,JNB,-26.139166,28.246,1381184100,United Kingdom,LHR,51.4775,-0.461389,
147037,Delegate,South Africa,JNB,-26.139166,28.246,1381094400,United Kingdom,LHR,51.4775,-0.461389,
162851,Delegate,South Africa,JNB,-26.139166,28.246,1381069800,Hong Kong,HKG,22.308919,113.914603,
168161,Delegate,South Africa,JNB,-26.139166,28.246,1381099500,United Kingdom,LHR,51.4775,-0.461389,
166446,Delegate,South Africa,JNB,-26.139166,28.246,1381022100,Netherlands,AMS,52.308613,4.763889,
161287,Candidate,South Africa,JNB,-26.139166,28.246,1381094400,United Kingdom,LHR,51.4775,-0.461389,
56727,Ambassador,South Africa,JNB,-26.139166,28.246,1381410900,Netherlands,AMS,52.308613,4.763889,
163994,Delegate,South Africa,JNB,-26.139166,28.246,1381103100,Egypt,CAI,30.121944,31.405556,
167058,Delegate,South Africa,JNB,-26.139166,28.246,1381108500,Netherlands,AMS,52.308613,4.763889,
18121,Ambassador,South Africa,JNB,-26.139166,28.246,1381089600,Senegal,DKR,14.739708,-17.490225,
167203,Delegate,South Africa,JNB,-26.139166,28.246,1381072500,Netherlands,AMS,52.308613,4.763889,
150110,Delegate,South Africa,JNB,-26.139166,28.246,1381097700,United Kingdom,LHR,51.4775,-0.461389,
142343,Delegate,South Africa,JNB,-26.139166,28.246,1381113600,Kenya,NBO,-1.319167,36.9275,
168916,Delegate,South Africa,JNB,-26.139166,28.246,1381099500,United Kingdom,LHR,51.4775,-0.461389,
92170,Delegate,South Africa,JNB,-26.139166,28.246,1381094100,France,CDG,49.012779,2.55,
55676,Ambassador,South Africa,JNB,-26.139166,28.246,1381704300,United Kingdom,LHR,51.4775,-0.461389,
146796,Delegate,South Africa,JNB,-26.139166,28.246,1381104300,Australia,PER,-31.940278,115.966944,
163805,Delegate,South Africa,JNB,-26.139166,28.246,1381069800,Hong Kong,HKG,22.308919,113.914603,
168375,Delegate,South Africa,JNB,-26.139166,28.246,1381069800,Hong Kong,HKG,22.308919,113.914603,
168233,Delegate,South Africa,JNB,-26.139166,28.246,1381105200,United Arab Emirates,DXB,25.252778,55.364444,